{"tweet_id":841809347768377344,"created_unixtime":1489537963226,"created_time":"Wed Mar 15 00:32:43 +0000 2017","lang":"en","displayname":"meantforpeace","time_zone":"Eastern Time (US & Canada)","msg":"ogmorgaan xo_rarebreed Happy Birthday boo"}
{"tweet_id":841809347780972544,"created_unixtime":1489537963229,"created_time":"Wed Mar 15 00:32:43 +0000 2017","lang":"en","displayname":"mushtxq","time_zone":"London","msg":"Happy early birthday x"}
{"tweet_id":841809345100697600,"created_unixtime":1489537962590,"created_time":"Wed Mar 15 00:32:42 +0000 2017","lang":"en","displayname":"Carla_Pereira2","time_zone":"","msg":"After 10 hrs on a train my brain was finally able to navigate my body towards the magical taxi stand My cab drive… https//tco/QK95OO0xBz"}
{"tweet_id":841809348124917761,"created_unixtime":1489537963311,"created_time":"Wed Mar 15 00:32:43 +0000 2017","lang":"en","displayname":"DillMaddie","time_zone":"","msg":"i just want to be happy"}
{"tweet_id":841809348485558272,"created_unixtime":1489537963397,"created_time":"Wed Mar 15 00:32:43 +0000 2017","lang":"ja","displayname":"oabeh7hdYeD5K8a","time_zone":"","msg":"RT tsukiuta1 ☆Happy White Day⑤☆陽「いっつも、愛をありがとね☆ちゃ〜んと届いてるよ！大好き♪」夜「やれやれ…陽が調子に乗る日です（笑）。でも、皆さんの応援を感じているのは俺も同じです。ありがとうございます！」※DLOK… "}
{"tweet_id":841809345864192000,"created_unixtime":1489537962772,"created_time":"Wed Mar 15 00:32:42 +0000 2017","lang":"en","displayname":"Hicky_Randel","time_zone":"","msg":"FlemingYoung happy bday to my boy C https//tco/LmjhzggruZ"}
{"tweet_id":841809348485496832,"created_unixtime":1489537963397,"created_time":"Wed Mar 15 00:32:43 +0000 2017","lang":"en","displayname":"yastan9","time_zone":"","msg":"RT RealTillIMetYou Happy third anniversary JaDines ange LetOurPurpleHeartsShineAt3"}
{"tweet_id":841809348267409408,"created_unixtime":1489537963345,"created_time":"Wed Mar 15 00:32:43 +0000 2017","lang":"und","displayname":"s_willorsa","time_zone":"","msg":"nikeplus nikeplusrunning nikeplusrunner maraton runner running calico traveler happy… https//tco/MeqHj4C6zR"}
{"tweet_id":841809348376567809,"created_unixtime":1489537963371,"created_time":"Wed Mar 15 00:32:43 +0000 2017","lang":"en","displayname":"queennatalia__","time_zone":"Eastern Time (US & Canada)","msg":"RT cespedesj_ So sad that I have to work tomorrow 😪😪"}
{"tweet_id":841809348422729728,"created_unixtime":1489537963382,"created_time":"Wed Mar 15 00:32:43 +0000 2017","lang":"en","displayname":"YoungFloat","time_zone":"Atlantic Time (Canada)","msg":"RT SonnyMCFly_ YoungFloat Happy birthday 🤘🏾"}
{"tweet_id":841809348628172800,"created_unixtime":1489537963431,"created_time":"Wed Mar 15 00:32:43 +0000 2017","lang":"en","displayname":"rissamo06","time_zone":"","msg":"RT mbchavez86 Seeing you both thise happy makes me so happy tooGoodvibes amp happinessMaymay amp EdwardMBMayWard [pctto] https//tco…"}
{"tweet_id":841809348636639232,"created_unixtime":1489537963433,"created_time":"Wed Mar 15 00:32:43 +0000 2017","lang":"en","displayname":"Silken_ebooks","time_zone":"Pacific Time (US & Canada)","msg":"In reality though Im happy the first strega boss fight was unsatisfyingly easy I want to answer one of them and ik people will ask me it"}
{"tweet_id":841809348380749826,"created_unixtime":1489537963372,"created_time":"Wed Mar 15 00:32:43 +0000 2017","lang":"en","displayname":"kingmig360x","time_zone":"","msg":"jessiejensen_x happy birthday Have a good one x"}
{"tweet_id":841809348359774211,"created_unixtime":1489537963367,"created_time":"Wed Mar 15 00:32:43 +0000 2017","lang":"en","displayname":"Tashinamuzik","time_zone":"Central Time (US & Canada)","msg":"Frass face looks like Im a happy drunk  America/Jamaica https//tco/3xy5lVxhp6"}
{"tweet_id":841809349093728256,"created_unixtime":1489537963542,"created_time":"Wed Mar 15 00:32:43 +0000 2017","lang":"en","displayname":"MomsGarage","time_zone":"","msg":"RT jugglers Get on the Trump Train that makes everyone smile amp happy The Dems make people feel angry amp crappy DemExit https//tco/s7o…"}
{"tweet_id":841809349362110465,"created_unixtime":1489537963606,"created_time":"Wed Mar 15 00:32:43 +0000 2017","lang":"en","displayname":"OhItsChespin","time_zone":"","msg":"This is the first time Ive had 10 notifications should I feel happy or"}
{"tweet_id":841809349181874176,"created_unixtime":1489537963563,"created_time":"Wed Mar 15 00:32:43 +0000 2017","lang":"en","displayname":"Adairbriones6","time_zone":"","msg":"RT cwatkins199 Adairbriones6 happy birthday manHave a good one💪🏻🎉"}
{"tweet_id":841809349081214976,"created_unixtime":1489537963539,"created_time":"Wed Mar 15 00:32:43 +0000 2017","lang":"en","displayname":"PaulSlack","time_zone":"","msg":"RT Labour4Animals 🐺 HAPPY Birthday 🐺MikeFoster1403 20yrs since your historic Wild Mammals [hunting with dogs] Bill 🐾🐺🐾🌹I found thi… "}
{"tweet_id":841809349446144001,"created_unixtime":1489537963626,"created_time":"Wed Mar 15 00:32:43 +0000 2017","lang":"en","displayname":"kaystackzzzzzz","time_zone":"","msg":"RT ImtheMAINE Happy 313Day  https//tco/fUF2KFL7p4"}
{"tweet_id":841809349299298304,"created_unixtime":1489537963591,"created_time":"Wed Mar 15 00:32:43 +0000 2017","lang":"en","displayname":"succrenis","time_zone":"Eastern Time (US & Canada)","msg":"RT gossiped when ur life is equally lit as it is shitty so u dont know if u be depressed or happy https//tco/hNyvNVRDvC"}
{"tweet_id":841809349731356672,"created_unixtime":1489537963694,"created_time":"Wed Mar 15 00:32:43 +0000 2017","lang":"en","displayname":"KendraKconrad18","time_zone":"","msg":"RT ZacEfron Happy birthday Simone_Biles Hope youre having an incredible day 🎉🎂🎉"}
{"tweet_id":841809350305824768,"created_unixtime":1489537963831,"created_time":"Wed Mar 15 00:32:43 +0000 2017","lang":"en","displayname":"CmuArif","time_zone":"","msg":"RT allthomas2 tamagonotamago0 CmuArif vPaarsv sad to hear that but enjoy life its good"}
{"tweet_id":841809350519742464,"created_unixtime":1489537963882,"created_time":"Wed Mar 15 00:32:43 +0000 2017","lang":"en","displayname":"sphkm","time_zone":"Pacific Time (US & Canada)","msg":"happy birthday ihilanif 💖💖💖💖💖"}
{"tweet_id":841809350494625793,"created_unixtime":1489537963876,"created_time":"Wed Mar 15 00:32:43 +0000 2017","lang":"ja","displayname":"Tmrs_0308","time_zone":"Seoul","msg":"RT mhu_yoshiki HAPPY WHITE DAY先月は皆様からの沢山の気持ちを頂きました。今日は皆様に僕からの気持ちをお返し出来る日です。皆様の応援で、僕は頑張っていけます。沢山の愛を、勇気を、希望をありがとうございます。その全てに応えさせて下さい…"}
{"tweet_id":841809350704349184,"created_unixtime":1489537963926,"created_time":"Wed Mar 15 00:32:43 +0000 2017","lang":"ja","displayname":"ComerCohete","time_zone":"Pacific Time (US & Canada)","msg":"RT cowengium 海未ちゃんHappy Birthday！！ 園田海未生誕祭2017 https//tco/BOrvt6LlXf"}
{"tweet_id":841809350784106496,"created_unixtime":1489537963945,"created_time":"Wed Mar 15 00:32:43 +0000 2017","lang":"en","displayname":"chayashadow","time_zone":"","msg":"RT bennymcnugget HAPPY BIRTHDAY colliscool 💜 you are one awesome chick Have fun at your dinner ☺️ x"}
{"tweet_id":841809350029135873,"created_unixtime":1489537963765,"created_time":"Wed Mar 15 00:32:43 +0000 2017","lang":"en","displayname":"sleeping_s0ul","time_zone":"","msg":"RT matthaig1 Look Exciting news alert Benedict Cumberbatch is going to star in the adaptation of my new novel Am so happy https//t…"}
{"tweet_id":841809351195168769,"created_unixtime":1489537964043,"created_time":"Wed Mar 15 00:32:44 +0000 2017","lang":"en","displayname":"deborahroberso3","time_zone":"","msg":"happy birthday mom you have done so much for me and some how you do more and more everyday i dont know what i https//tco/29s8MofgfJ"}
{"tweet_id":841809350956056577,"created_unixtime":1489537963986,"created_time":"Wed Mar 15 00:32:43 +0000 2017","lang":"en","displayname":"leighanne_swift","time_zone":"","msg":"RT BeSeriousUSA We just freaking love ❤️ you JustinTrudeau Could you please come south and fix this shitshow too  America 🇺🇸 https/…"}
{"tweet_id":841809351627165700,"created_unixtime":1489537964146,"created_time":"Wed Mar 15 00:32:44 +0000 2017","lang":"en","displayname":"supnickv","time_zone":"Eastern Time (US & Canada)","msg":"RT fragilebea YOURE SO PRECIOUS YOU MAKE ME SO HAPPY OMG AW https//tco/RR4qvZ1FQ0"}
{"tweet_id":841809351388061697,"created_unixtime":1489537964089,"created_time":"Wed Mar 15 00:32:44 +0000 2017","lang":"en","displayname":"ItzelBxng","time_zone":"","msg":"RT FEATYONGGUK himchan always takes care of the members and makes sure that theyre happy and loved baps actual sunshine https//tco/b…"}
{"tweet_id":841809351270629382,"created_unixtime":1489537964061,"created_time":"Wed Mar 15 00:32:44 +0000 2017","lang":"en","displayname":"troseofficial","time_zone":"","msg":"Not going to happen Something went wrong at the judges chairs and they cant air Sad for me 😭 https//tco/L5h9zf12mX"}
{"tweet_id":841809352092672000,"created_unixtime":1489537964257,"created_time":"Wed Mar 15 00:32:44 +0000 2017","lang":"en","displayname":"luargozum","time_zone":"Krasnoyarsk","msg":"RT MillennialOfMNL This is your reminder that its okay to not be okay No one is constantly happy Your emotions are yours No one can t…"}
{"tweet_id":841809352164007936,"created_unixtime":1489537964274,"created_time":"Wed Mar 15 00:32:44 +0000 2017","lang":"en","displayname":"xPhreshyzz","time_zone":"","msg":"RT richthekid Focus on what makes you happy"}
{"tweet_id":841809352335990784,"created_unixtime":1489537964315,"created_time":"Wed Mar 15 00:32:44 +0000 2017","lang":"en","displayname":"MixerMissioner","time_zone":"","msg":"RT LittleMix NoMoreSadSongs for REAL❌❤️ weve made a SpotifyUK playlist with some happy songs☺️ what should we add X the girl… "}
{"tweet_id":841809352885428225,"created_unixtime":1489537964446,"created_time":"Wed Mar 15 00:32:44 +0000 2017","lang":"en","displayname":"vaityg_","time_zone":"Eastern Time (US & Canada)","msg":"RT soIute sometimes the best way to be happy is to learn to let go of things you tried hard to hold on to that are no longer good for you"}
{"tweet_id":841809352927391744,"created_unixtime":1489537964456,"created_time":"Wed Mar 15 00:32:44 +0000 2017","lang":"en","displayname":"maddiehamlinn","time_zone":"Eastern Time (US & Canada)","msg":"RT PeachMeadows only miserable people are bullys amp thats a fact no one who is happy ever has the urge to bring others down remember t…"}
{"tweet_id":841809353200021505,"created_unixtime":1489537964521,"created_time":"Wed Mar 15 00:32:44 +0000 2017","lang":"en","displayname":"radiantlysean","time_zone":"Pacific Time (US & Canada)","msg":"RT Vulnerable its so sad and frustrating when you try your hardest but people still dont find it good enough"}
{"tweet_id":841809353359409158,"created_unixtime":1489537964559,"created_time":"Wed Mar 15 00:32:44 +0000 2017","lang":"en","displayname":"___theonlytopic","time_zone":"","msg":"RT letslove_pre Clear mind amp a happy heart🤷🏻‍♀️❤️"}
{"tweet_id":841809352654635009,"created_unixtime":1489537964391,"created_time":"Wed Mar 15 00:32:44 +0000 2017","lang":"tl","displayname":"WikiRonpa","time_zone":"Pacific Time (US & Canada)","msg":"Happy birthday to Chihiro Fujisaki and Chiaki Nanami danganronpa https//tco/w7e4HOBux0"}
{"tweet_id":841809350406496257,"created_unixtime":1489537963855,"created_time":"Wed Mar 15 00:32:43 +0000 2017","lang":"en","displayname":"CoxPurtell","time_zone":"Sydney","msg":"Wheeew Happy Reverse Birthday Hannah CPTurns23 LifeAtCP 🎁 https//tco/iq6EIm9MOQ"}
{"tweet_id":841809353086779396,"created_unixtime":1489537964494,"created_time":"Wed Mar 15 00:32:44 +0000 2017","lang":"en","displayname":"RealChrisKocher","time_zone":"Eastern Time (US & Canada)","msg":"Oh if only we had some happy treesStellaBlizzard WinterStormStella stella2017 binghamton https//tco/DzOSXYrJEd"}
{"tweet_id":841809353879494656,"created_unixtime":1489537964683,"created_time":"Wed Mar 15 00:32:44 +0000 2017","lang":"en","displayname":"IBPradio","time_zone":"","msg":"Hear Pharrell Williams Happy from Despicable Me 2 on https//tco/hAOUwNn5Yc Island Beach Party"}
{"tweet_id":841809354152132608,"created_unixtime":1489537964748,"created_time":"Wed Mar 15 00:32:44 +0000 2017","lang":"en","displayname":"leadintogold","time_zone":"","msg":"RT mainzina Alisazvezdica99 streetSinger9 leadintogold ninger3 PosiePosie1212 MarioB226 Happy tuesday all 🌸🌹💕 https//tco/5ub9iqu…"}
{"tweet_id":841809354391199744,"created_unixtime":1489537964805,"created_time":"Wed Mar 15 00:32:44 +0000 2017","lang":"en","displayname":"Narkz_","time_zone":"Casablanca","msg":"RT Stormzy1 Do what makes you happy mate"}
{"tweet_id":841809354319884289,"created_unixtime":1489537964788,"created_time":"Wed Mar 15 00:32:44 +0000 2017","lang":"en","displayname":"BridgitteLesley","time_zone":"Athens","msg":"RT melinda_de_ross ❤The characters are well developedampmade me want them to be happy❤ https//tco/vmsMUQhNl3 T4US IARTG https//tco…"}
{"tweet_id":841809354575740928,"created_unixtime":1489537964849,"created_time":"Wed Mar 15 00:32:44 +0000 2017","lang":"en","displayname":"tgale_59","time_zone":"","msg":"blakeshelton VoiceBlinds I am so happy you turned for Dawson I kept saying someone please turn Thanks"}
{"tweet_id":841809354638692352,"created_unixtime":1489537964864,"created_time":"Wed Mar 15 00:32:44 +0000 2017","lang":"en","displayname":"ctaliapharaoh","time_zone":"Pacific Time (US & Canada)","msg":"RT D_Deji28 Do you guys know why he was killed A girl lied that he raped her and her brother shot him dead https//tco/IWDVDZp3rz"}
{"tweet_id":841809354189864961,"created_unixtime":1489537964757,"created_time":"Wed Mar 15 00:32:44 +0000 2017","lang":"en","displayname":"morgan_kopf","time_zone":"","msg":"RT soIute sometimes the best way to be happy is to learn to let go of things you tried hard to hold on to that are no longer good for you"}
{"tweet_id":841809355213164544,"created_unixtime":1489537965001,"created_time":"Wed Mar 15 00:32:45 +0000 2017","lang":"ja","displayname":"lovelive_kot","time_zone":"","msg":"RT 5LFJ6SViipwdPm0 海未ちゃんHappy Birthday☆｡ﾟ園田海未生誕祭20173月15日は園田海未の誕生日 園田海未好きな人RT ラブライブ好きな人RT RTした人全員フォローする https//tco/zU4i9v2…"}
{"tweet_id":841809354693218304,"created_unixtime":1489537964877,"created_time":"Wed Mar 15 00:32:44 +0000 2017","lang":"en","displayname":"br00klynnh","time_zone":"Eastern Time (US & Canada)","msg":"alexfarhatxx happy birthday miss u sm ☹️❤️🎉 https//tco/jZJbS8DKfK"}
{"tweet_id":841809354995204096,"created_unixtime":1489537964949,"created_time":"Wed Mar 15 00:32:44 +0000 2017","lang":"en","displayname":"bIueguitar","time_zone":"Brasilia","msg":"SherriSaum1 a thing about Stef that you love with all your heart thefosterschat THANK U FOR SAYING HI TO MY GIRL SHES SO HAPPY YAY"}
{"tweet_id":841809355775258624,"created_unixtime":1489537965135,"created_time":"Wed Mar 15 00:32:45 +0000 2017","lang":"en","displayname":"BLACKPINK_PH","time_zone":"Krasnoyarsk","msg":"Thank you to those people who supported our project for Lisa 🙏🙏🙏 https//tco/RZzpdxmGNI"}
{"tweet_id":841809355787915264,"created_unixtime":1489537965138,"created_time":"Wed Mar 15 00:32:45 +0000 2017","lang":"en","displayname":"manningolivia15","time_zone":"Atlantic Time (Canada)","msg":"RT babygirlkamm its craaazy how happy the presence of one person can make you"}
{"tweet_id":841809356043702272,"created_unixtime":1489537965199,"created_time":"Wed Mar 15 00:32:45 +0000 2017","lang":"en","displayname":"katieegooch","time_zone":"Pacific Time (US & Canada)","msg":"RT christiinaac lately Ive just been so happy and optimistic with life and it feels great 🌸🌞🍉🍀🌸🌻🍒💐🌈🌴🌼🍃"}
{"tweet_id":841809356060540928,"created_unixtime":1489537965203,"created_time":"Wed Mar 15 00:32:45 +0000 2017","lang":"en","displayname":"cardejab_","time_zone":"","msg":"Thanks luv😘 https//tco/JJoR7tOIfR"}
{"tweet_id":841809355934650368,"created_unixtime":1489537965173,"created_time":"Wed Mar 15 00:32:45 +0000 2017","lang":"in","displayname":"jusuf_fateh","time_zone":"","msg":"Semoga hari ini lebih baik dari kemarin ya brother Happy life there morningcoffe https//tco/trZV7qj46h"}
{"tweet_id":841809356396085249,"created_unixtime":1489537965283,"created_time":"Wed Mar 15 00:32:45 +0000 2017","lang":"ja","displayname":"taraxaoa123","time_zone":"Eastern Time (US & Canada)","msg":"RT Apink__jp [Hayoung ]Happy ホワイトデーをすごして ください~！Apink ByeBye 3月29日リリース mini5月号掲載 https//tco/sEl1RkM2BX"}
{"tweet_id":841809356324769794,"created_unixtime":1489537965266,"created_time":"Wed Mar 15 00:32:45 +0000 2017","lang":"en","displayname":"sabrineerzzz","time_zone":"","msg":"happy birthday pretty girl have a good one ❤michyfdzx"}
{"tweet_id":841809355691421696,"created_unixtime":1489537965115,"created_time":"Wed Mar 15 00:32:45 +0000 2017","lang":"en","displayname":"JMU","time_zone":"Eastern Time (US & Canada)","msg":"dabody52 Happy Birthday from JMUGivingDay Headquarters https//tco/1ezgx0ESic https//tco/hTUr43b0hH"}
{"tweet_id":841809356433854464,"created_unixtime":1489537965292,"created_time":"Wed Mar 15 00:32:45 +0000 2017","lang":"tl","displayname":"Bhengdalida1","time_zone":"","msg":"RT OFCALDubKoTo OUR OHT 👇🏻 MGA KAADN 👊🏻👱‍♀️HAPPY TWEETING 😘ALDUBxDTBYTugOfHearts https//tco/s9kFScwzar"}
{"tweet_id":841809357360648192,"created_unixtime":1489537965513,"created_time":"Wed Mar 15 00:32:45 +0000 2017","lang":"en","displayname":"BSUsportsreport","time_zone":"","msg":"RT HeatherCoxNBC So happy that family friend BradBedell is now a Bronco Welcome to Boise amp BroncoSportsFB Brad https//tco/KPSRtUlW6a"}
{"tweet_id":841809357440471040,"created_unixtime":1489537965532,"created_time":"Wed Mar 15 00:32:45 +0000 2017","lang":"en","displayname":"baabyyspice","time_zone":"","msg":"RT Jackienugget happy pie streak and blow job day"}
{"tweet_id":841809357457264641,"created_unixtime":1489537965536,"created_time":"Wed Mar 15 00:32:45 +0000 2017","lang":"en","displayname":"xy_ls","time_zone":"","msg":"RT a1fbgmn every girl just wanna be genuinely happy not confused not irritated not slept on not taken advantage of just happy my g "}
{"tweet_id":841809357041983488,"created_unixtime":1489537965437,"created_time":"Wed Mar 15 00:32:45 +0000 2017","lang":"en","displayname":"julianakratman","time_zone":"Eastern Time (US & Canada)","msg":"RT lingerie_addict In an industry thats all to happy to discard women once they reach the age of 25 campaigns like this are necessary… "}
{"tweet_id":841809357578854402,"created_unixtime":1489537965565,"created_time":"Wed Mar 15 00:32:45 +0000 2017","lang":"en","displayname":"FarnanKim","time_zone":"","msg":"RT Stormzy1 Do what makes you happy mate"}
{"tweet_id":841809357805371392,"created_unixtime":1489537965619,"created_time":"Wed Mar 15 00:32:45 +0000 2017","lang":"en","displayname":"Gorgeous_Tianaa","time_zone":"","msg":"RT miraclesuggs if I tweet some sad shit  dont assume its about a nigga lol I bitch about everything 😂"}
{"tweet_id":841809357427875840,"created_unixtime":1489537965529,"created_time":"Wed Mar 15 00:32:45 +0000 2017","lang":"en","displayname":"_imnotyourmate","time_zone":"","msg":"Cant ppl make an observation without other ppl doing running commentary https//tco/UGkjELOiAK"}
{"tweet_id":841809357708902400,"created_unixtime":1489537965596,"created_time":"Wed Mar 15 00:32:45 +0000 2017","lang":"en","displayname":"madison_conn1","time_zone":"","msg":"MoeMoe_16 soo sooo happy for you youre gonna love it😻"}
{"tweet_id":841809357633409024,"created_unixtime":1489537965578,"created_time":"Wed Mar 15 00:32:45 +0000 2017","lang":"en","displayname":"YouLoveBells","time_zone":"Pacific Time (US & Canada)","msg":"RT GoddesslnMe Money is numbers and numbers never end If it takes money to be happy your search for happiness will never end"}
{"tweet_id":841809357775998976,"created_unixtime":1489537965612,"created_time":"Wed Mar 15 00:32:45 +0000 2017","lang":"en","displayname":"SulliKardashian","time_zone":"Pacific Time (US & Canada)","msg":"RT unbleachedkpop Happy Birthday to Astros precious leader 💕😭 HappyJinJinDay 별들의_리더_박진우_생일축하해 https//tco/d7VZsCTtGr"}
{"tweet_id":841809358497361921,"created_unixtime":1489537965784,"created_time":"Wed Mar 15 00:32:45 +0000 2017","lang":"und","displayname":"tul2hand","time_zone":"Bangkok","msg":"สวัสดีวันพุธ😍😘😙Happy😇Wednesday https//tco/vqDhUqpfWl"}
{"tweet_id":841809358476464129,"created_unixtime":1489537965779,"created_time":"Wed Mar 15 00:32:45 +0000 2017","lang":"en","displayname":"HazemElGhannnam","time_zone":"Pacific Time (US & Canada)","msg":"7dy sa5eef I know bas Im trynna be happy so when I get beaten up my mood doesnt go sooo bad"}
{"tweet_id":841809358702948352,"created_unixtime":1489537965833,"created_time":"Wed Mar 15 00:32:45 +0000 2017","lang":"en","displayname":"luigicaldo","time_zone":"Paris","msg":"ShySub0413 with late happy birthday 🎂☺️"}
{"tweet_id":841809358749028352,"created_unixtime":1489537965844,"created_time":"Wed Mar 15 00:32:45 +0000 2017","lang":"tl","displayname":"jaesungkhun","time_zone":"Kuala Lumpur","msg":"true haha https//tco/QyQ2LUkqYd"}
{"tweet_id":841809358862352385,"created_unixtime":1489537965871,"created_time":"Wed Mar 15 00:32:45 +0000 2017","lang":"en","displayname":"_MissNaturall","time_zone":"Eastern Time (US & Canada)","msg":"RT OmggRhi DO NOT PURPOSELY DO SHIT TO MAKE ME MAD THEN GET MAD THAT IM MAD FUCK U THOUGHT I WAS GONNA BE AFTER PISSING ME OFF HAPPY"}
{"tweet_id":841809359281766401,"created_unixtime":1489537965971,"created_time":"Wed Mar 15 00:32:45 +0000 2017","lang":"en","displayname":"ThrowerRt","time_zone":"","msg":"ad_I_am Jesus I bet Ashcroft wasnt happy supporting the boo radleys  Was the running order decided by drawing straws or what"}
{"tweet_id":841809360548327425,"created_unixtime":1489537966273,"created_time":"Wed Mar 15 00:32:46 +0000 2017","lang":"ja","displayname":"vanilla0salt","time_zone":"Tokyo","msg":"RT ryu_ki710 園田海未生誕祭2017  3月15日は園田海未の誕生日  祝う人RT  ラブライバーはRT  RTした人全員フォローする   ラブライバーと繋がりたい  ラブアローシュート Happy Birthda… "}
{"tweet_id":841809360493940737,"created_unixtime":1489537966260,"created_time":"Wed Mar 15 00:32:46 +0000 2017","lang":"en","displayname":"ohkasss","time_zone":"","msg":"RT DaNameEli They not bro 😂 niggas cant handle that Spanish life get ya self one and youll be happy https//tco/5zINXDvPSM"}
{"tweet_id":841809360728788995,"created_unixtime":1489537966316,"created_time":"Wed Mar 15 00:32:46 +0000 2017","lang":"en","displayname":"foreverfluffeh","time_zone":"","msg":"RT ringelrei please I want them to be happy https//tco/mMMS2L9zbw"}
{"tweet_id":841809361466880001,"created_unixtime":1489537966492,"created_time":"Wed Mar 15 00:32:46 +0000 2017","lang":"en","displayname":"AnneNava181976","time_zone":"PST","msg":"RT mainedcm I am a one happy banana How about you https//tco/KKyl9dh6HO"}
{"tweet_id":841809360602968064,"created_unixtime":1489537966286,"created_time":"Wed Mar 15 00:32:46 +0000 2017","lang":"en","displayname":"SociologistRay","time_zone":"","msg":"RT ucsc Happy to announce our Alumni Weekend keynote speaker is msladyjustice1 cofounder of the womensmarch… "}
{"tweet_id":841809361483714560,"created_unixtime":1489537966496,"created_time":"Wed Mar 15 00:32:46 +0000 2017","lang":"en","displayname":"maKIEZELanan","time_zone":"Tijuana","msg":"RT ilovefIowers happy dogs with flowers are the best thing to ever happen to me https//tco/BPD2xOm9XC"}
{"tweet_id":841809361831788544,"created_unixtime":1489537966579,"created_time":"Wed Mar 15 00:32:46 +0000 2017","lang":"en","displayname":"hootersrally","time_zone":"Pacific Time (US & Canada)","msg":"RT taylormarieSM Happy tittytuesday ❤️😘😘 see you guys at 5pst 💦 wwwtaylormarie_cammodelscom https//tco/IUPoMyvR42"}
{"tweet_id":841809361823383552,"created_unixtime":1489537966577,"created_time":"Wed Mar 15 00:32:46 +0000 2017","lang":"tl","displayname":"eimajery","time_zone":"Singapore","msg":"RT ignore_rants Einstein di naiintindihan ng nasa gobyerno ang kahalagahan ng math at human rights Sadnu https//tco/OEycbVmrU9"}
{"tweet_id":841809361240510465,"created_unixtime":1489537966438,"created_time":"Wed Mar 15 00:32:46 +0000 2017","lang":"en","displayname":"sebastianoh93","time_zone":"","msg":"oweeeneatspears squirrelmoreno 😂 the goat https//tco/iIWBuiKdGa"}
{"tweet_id":841809360971956225,"created_unixtime":1489537966374,"created_time":"Wed Mar 15 00:32:46 +0000 2017","lang":"en","displayname":"HistoryWBK","time_zone":"Brisbane","msg":"AgencyLife Today we are celebrating three remarkable historymaking years Happy birthday to the team… https//tco/FdiCJGD8F0"}
{"tweet_id":841809362309984256,"created_unixtime":1489537966693,"created_time":"Wed Mar 15 00:32:46 +0000 2017","lang":"en","displayname":"_poosycat","time_zone":"Pacific Time (US & Canada)","msg":"Happy Belated bbykd 💝"}
{"tweet_id":841809362410647553,"created_unixtime":1489537966717,"created_time":"Wed Mar 15 00:32:46 +0000 2017","lang":"ja","displayname":"oabeh7hdYeD5K8a","time_zone":"","msg":"RT tsukiuta1 ☆Happy White Day⑥☆涙「愛よ届け、ばびゅーん」郁「………涙さん？え、ええと…いつもありがとうございます！俺たちからの愛と感謝も届け！……ばびゅーん（笑）」※DLOK※壁紙などマナーを守って使ってくださいね https//…"}
{"tweet_id":841809362368761856,"created_unixtime":1489537966707,"created_time":"Wed Mar 15 00:32:46 +0000 2017","lang":"en","displayname":"zeke_version1","time_zone":"Pacific Time (US & Canada)","msg":"RT 21_sharan Happy Birthday to the two father figures in my life tbhughes32 jaheeanderson"}
{"tweet_id":841809362486202369,"created_unixtime":1489537966735,"created_time":"Wed Mar 15 00:32:46 +0000 2017","lang":"en","displayname":"notnatvanlis","time_zone":"Central Time (US & Canada)","msg":"RT EmmaSlaterDance Happy 20th birthday sweet girl Im so happy we will be dancing along side each other this… https//tco/4kvEj8XPwI"}
{"tweet_id":841809362221953028,"created_unixtime":1489537966672,"created_time":"Wed Mar 15 00:32:46 +0000 2017","lang":"en","displayname":"raenanicoleee","time_zone":"","msg":"RT iamdavidj girls can get treated so poorly and never want another guy but guys can have the world and still want another girl its so s…"}
{"tweet_id":841809362490388480,"created_unixtime":1489537966736,"created_time":"Wed Mar 15 00:32:46 +0000 2017","lang":"en","displayname":"hella_bae","time_zone":"Eastern Time (US & Canada)","msg":"RT _baby_jayde hella_bae happy G day girl  😍🎉🍾"}
{"tweet_id":841809362960109569,"created_unixtime":1489537966848,"created_time":"Wed Mar 15 00:32:46 +0000 2017","lang":"en","displayname":"juliepwnz","time_zone":"","msg":"RT alyssamaciiel the best revenge is happiness so be happy and fuck em"}
{"tweet_id":841809363413139456,"created_unixtime":1489537966956,"created_time":"Wed Mar 15 00:32:46 +0000 2017","lang":"ko","displayname":"adduwu1","time_zone":"","msg":"RT offclASTRO Happy birthday to you~ 진진형 22번째 생일을진심으로 축하해요🎉🎉 착하고 장난도 잘받아주고 리더쉽있는ㅎㅎ진진형 귀염댕이 아스트로 잘부탁드려요생일선물 나 HappyJINJINDay https//…"}
{"tweet_id":841809363782127616,"created_unixtime":1489537967044,"created_time":"Wed Mar 15 00:32:47 +0000 2017","lang":"en","displayname":"RoqueCharlyn","time_zone":"","msg":"RT MayWardDVO_Thai Trust yourself Create the kind of self that you will be happy to live with all your lifeMBMayWard"}
{"tweet_id":841809363584995328,"created_unixtime":1489537966997,"created_time":"Wed Mar 15 00:32:46 +0000 2017","lang":"en","displayname":"bfishtiger","time_zone":"Pacific Time (US & Canada)","msg":"RT sxk_uxkk Happy White Day https//tco/abnR0kX5i9"}
{"tweet_id":841809363463421952,"created_unixtime":1489537966968,"created_time":"Wed Mar 15 00:32:46 +0000 2017","lang":"en","displayname":"kyaaaaamura","time_zone":"","msg":"RT ilovefIowers happy dogs with flowers are the best thing to ever happen to me https//tco/BPD2xOm9XC"}
{"tweet_id":841809363618656256,"created_unixtime":1489537967005,"created_time":"Wed Mar 15 00:32:47 +0000 2017","lang":"en","displayname":"krystaples","time_zone":"","msg":"RT maddy_mackk Thank you Ilysm bby ❤❤❤ https//tco/utbN3GIOnV"}
{"tweet_id":841809363987656704,"created_unixtime":1489537967093,"created_time":"Wed Mar 15 00:32:47 +0000 2017","lang":"en","displayname":"yeolyixing","time_zone":"Arizona","msg":"ultsehun DD IMSO HAPPY"}
{"tweet_id":841809361076944896,"created_unixtime":1489537966399,"created_time":"Wed Mar 15 00:32:46 +0000 2017","lang":"en","displayname":"emmiemadden4","time_zone":"","msg":"HAPPY BIRTHDAY MAL Love you so much Tons of fun being on RR w/you❤️❤️ https//tco/o6ZQv9IdOQ"}
{"tweet_id":841809364193296385,"created_unixtime":1489537967142,"created_time":"Wed Mar 15 00:32:47 +0000 2017","lang":"en","displayname":"SouthTX_","time_zone":"Central Time (US & Canada)","msg":"hrtablaze Rachael Maddow  will have fake Trump tax returns      Soros needs new riot material   Sad"}
{"tweet_id":841809364109291520,"created_unixtime":1489537967122,"created_time":"Wed Mar 15 00:32:47 +0000 2017","lang":"en","displayname":"MadNile","time_zone":"","msg":"Lol Thank You https//tco/DBtsXXa1NF"}
{"tweet_id":841809364835045376,"created_unixtime":1489537967295,"created_time":"Wed Mar 15 00:32:47 +0000 2017","lang":"en","displayname":"TheonlyLurkz","time_zone":"London","msg":"RT Stormzy1 Do what makes you happy mate"}
{"tweet_id":841809364843401216,"created_unixtime":1489537967297,"created_time":"Wed Mar 15 00:32:47 +0000 2017","lang":"en","displayname":"kayleerobinson_","time_zone":"","msg":"RT OfficiaIJCoIe somewhere between not happy and not sad"}
{"tweet_id":841809363916472321,"created_unixtime":1489537967076,"created_time":"Wed Mar 15 00:32:47 +0000 2017","lang":"en","displayname":"ssweetsirenn1","time_zone":"","msg":"gwenstefani VoiceBlinds So happy with your team Gwen and of course you should get them to the winners circle w/Celine"}
{"tweet_id":841809365132800000,"created_unixtime":1489537967366,"created_time":"Wed Mar 15 00:32:47 +0000 2017","lang":"en","displayname":"GamerDoba","time_zone":"Riyadh","msg":"TrueGamer1219 Hes silly and sad at the same time LOL Keep him in his private universe while we have some fun with his mind amp emotions 😝"}
{"tweet_id":841809364574916608,"created_unixtime":1489537967233,"created_time":"Wed Mar 15 00:32:47 +0000 2017","lang":"en","displayname":"chelscore","time_zone":"Mountain Time (US & Canada)","msg":"Happy Pi day Spot the one thing that is not like the other https//tco/qdOwBdxCVB"}
{"tweet_id":841809362574168064,"created_unixtime":1489537966756,"created_time":"Wed Mar 15 00:32:46 +0000 2017","lang":"en","displayname":"Franterest26","time_zone":"Pacific Time (US & Canada)","msg":"likeAGirl Happy PiDay from my math whiz 💙💪🏼💗➗✖️➕➖3️⃣1️⃣4️⃣💚📝 https//tco/24WpkI2K1e"}
{"tweet_id":841809365304774657,"created_unixtime":1489537967407,"created_time":"Wed Mar 15 00:32:47 +0000 2017","lang":"es","displayname":"Andreaqb15","time_zone":"Eastern Time (US & Canada)","msg":"99Adri carajo Adri esta foto me pone sad 😭💔"}
{"tweet_id":841809365313171457,"created_unixtime":1489537967409,"created_time":"Wed Mar 15 00:32:47 +0000 2017","lang":"en","displayname":"blaquimoon","time_zone":"Central Time (US & Canada)","msg":"RT CultureFUBU Happy Birthday Merlin SantanaRIP https//tco/0K4quO4M5g"}
{"tweet_id":841809365443203072,"created_unixtime":1489537967440,"created_time":"Wed Mar 15 00:32:47 +0000 2017","lang":"en","displayname":"D1ondr3","time_zone":"Pacific Time (US & Canada)","msg":"RT TrackJit HAPPY BIRTHDAY FOREHEAD❤️made it through endless😭💍 https//tco/acKrIgeagl"}
{"tweet_id":841809365946494976,"created_unixtime":1489537967560,"created_time":"Wed Mar 15 00:32:47 +0000 2017","lang":"en","displayname":"MckBogle","time_zone":"","msg":"RT sunriseseavey TeenChoiceFOX whydontwemusic WhyDontWeUpdate bblgroupchat WHY DONT WE WILL BE SOOOO HAPPY IF THEY APPEAR AT THE TCAS…"}
{"tweet_id":841809365950713860,"created_unixtime":1489537967561,"created_time":"Wed Mar 15 00:32:47 +0000 2017","lang":"en","displayname":"arianatortoday_","time_zone":"Pacific Time (US & Canada)","msg":"NEW VIDEO Ariana Grande amp the crowd singing happy birthday to Brian amp Scott in Detroit DangerousWomanTour https//tco/mODxw1OXLi"}
{"tweet_id":841809366038794240,"created_unixtime":1489537967582,"created_time":"Wed Mar 15 00:32:47 +0000 2017","lang":"en","displayname":"jsftin","time_zone":"","msg":"RT SgladiumGC Happy birthday baby Love you queen 👑💕Congratulations https//tco/bse8395H43"}
{"tweet_id":841809366152015872,"created_unixtime":1489537967609,"created_time":"Wed Mar 15 00:32:47 +0000 2017","lang":"en","displayname":"arianaariias","time_zone":"","msg":"RT isabelcerda9 Ive been so happy lately and I really wanna stay this way"}
{"tweet_id":841809366013620225,"created_unixtime":1489537967576,"created_time":"Wed Mar 15 00:32:47 +0000 2017","lang":"en","displayname":"Jeremycousar","time_zone":"","msg":"Oh shit 😂 https//tco/oNJuaoCpKB"}
{"tweet_id":841809367078854656,"created_unixtime":1489537967830,"created_time":"Wed Mar 15 00:32:47 +0000 2017","lang":"en","displayname":"rxsnxhrxsli","time_zone":"Beijing","msg":"RT asyqstna do u just ever feel so sad suddenly and u feel so useless giving up on everything and all u need is just a warm tight hug…"}
{"tweet_id":841809367083175938,"created_unixtime":1489537967831,"created_time":"Wed Mar 15 00:32:47 +0000 2017","lang":"en","displayname":"emmakat1011","time_zone":"","msg":"AND IM SO SAD ABOUT SCHOOL CAUSE I AINT DOIN NO WIRK F DEM TECHERZ😤"}
{"tweet_id":841809367087353856,"created_unixtime":1489537967832,"created_time":"Wed Mar 15 00:32:47 +0000 2017","lang":"en","displayname":"entionjunior","time_zone":"","msg":"olamide_YBNL Your birthday should be a national holiday I need a day off Happy Birthday"}
{"tweet_id":841809367653617666,"created_unixtime":1489537967967,"created_time":"Wed Mar 15 00:32:47 +0000 2017","lang":"en","displayname":"JonPaulKeys","time_zone":"","msg":"bengwkta happy birthday benjiman Hope its a good one u fat fuck ly x"}
{"tweet_id":841809367850721284,"created_unixtime":1489537968014,"created_time":"Wed Mar 15 00:32:48 +0000 2017","lang":"en","displayname":"BooksoftheMonth","time_zone":"","msg":"Bright Line Eating The Science of Living Happy Thin amp Free Read More   In this b https//tco/L3yruOpD2Z BookofMonth bomclub"}
{"tweet_id":841809367682940929,"created_unixtime":1489537967974,"created_time":"Wed Mar 15 00:32:47 +0000 2017","lang":"en","displayname":"RonniTheZombie","time_zone":"Eastern Time (US & Canada)","msg":"RT BTV_SUPRNATURAL Happy PiDay https//tco/cht2NxlPNE"}
{"tweet_id":841809367972343808,"created_unixtime":1489537968043,"created_time":"Wed Mar 15 00:32:48 +0000 2017","lang":"en","displayname":"SweetSweetHazza","time_zone":"Pacific Time (US & Canada)","msg":"Harry_Styles Youre the reason of my smile I love you and Im proud of you I would be very happy if you follow me one day ❤️  750"}
{"tweet_id":841809368009990144,"created_unixtime":1489537968052,"created_time":"Wed Mar 15 00:32:48 +0000 2017","lang":"en","displayname":"RachellePerezz","time_zone":"","msg":"Harvard and USC are trying to recruit Jorge  So happy for him"}
{"tweet_id":841809368182071296,"created_unixtime":1489537968093,"created_time":"Wed Mar 15 00:32:48 +0000 2017","lang":"en","displayname":"YungenPlayDirty","time_zone":"Casablanca","msg":"RT Stormzy1 Do what makes you happy mate"}
{"tweet_id":841809365778726913,"created_unixtime":1489537967520,"created_time":"Wed Mar 15 00:32:47 +0000 2017","lang":"en","displayname":"oliviamakris","time_zone":"Central Time (US & Canada)","msg":"Happy birthday _nicolemillerr_ 😍💘hope you had a great day love ya 🤗 https//tco/TGRL8PpNeQ"}
{"tweet_id":841809368064630789,"created_unixtime":1489537968065,"created_time":"Wed Mar 15 00:32:48 +0000 2017","lang":"en","displayname":"its_zae2","time_zone":"Pacific Time (US & Canada)","msg":"RT BdotAdot5 Happy Birthday Brudder ✊🏽💯 StephenCurry30 https//tco/fxunT808HC"}
{"tweet_id":841809368177885184,"created_unixtime":1489537968092,"created_time":"Wed Mar 15 00:32:48 +0000 2017","lang":"en","displayname":"bakersjulien","time_zone":"Eastern Time (US & Canada)","msg":"supppstacey me either i stopped watching the show for days bc i was too sad and i just laid in the hospital depressed lmao yike"}
{"tweet_id":841809364860182528,"created_unixtime":1489537967301,"created_time":"Wed Mar 15 00:32:47 +0000 2017","lang":"en","displayname":"kthrnnnrbthm","time_zone":"Pacific Time (US & Canada)","msg":"happy pi day https//tco/Y8Be9C7Ta7"}
{"tweet_id":841809368182063104,"created_unixtime":1489537968093,"created_time":"Wed Mar 15 00:32:48 +0000 2017","lang":"en","displayname":"Quinfoster8","time_zone":"","msg":"Happy bday maciestovall "}
{"tweet_id":841809369083846657,"created_unixtime":1489537968308,"created_time":"Wed Mar 15 00:32:48 +0000 2017","lang":"en","displayname":"siihlembiyoza","time_zone":"","msg":"RT mugalavaibryton Believe in yourself push your limits experience life conquer your goals and be happy"}
{"tweet_id":841809368081399808,"created_unixtime":1489537968069,"created_time":"Wed Mar 15 00:32:48 +0000 2017","lang":"en","displayname":"QueenOfJade","time_zone":"Eastern Time (US & Canada)","msg":"RT CultureFUBU Happy Birthday Merlin SantanaRIP https//tco/0K4quO4M5g"}
{"tweet_id":841809369108905984,"created_unixtime":1489537968314,"created_time":"Wed Mar 15 00:32:48 +0000 2017","lang":"en","displayname":"officialjhannie","time_zone":"Pacific Time (US & Canada)","msg":"RT GRAILEY13 Happy birthday big bro live it up 🎈🎉 officialjhannie"}
{"tweet_id":841809369440358400,"created_unixtime":1489537968393,"created_time":"Wed Mar 15 00:32:48 +0000 2017","lang":"en","displayname":"LOUDassgirl","time_zone":"","msg":"Happy birthday TouchMy_JulZ"}
{"tweet_id":841809369880764416,"created_unixtime":1489537968498,"created_time":"Wed Mar 15 00:32:48 +0000 2017","lang":"ja","displayname":"aizhiwangying","time_zone":"","msg":"愛知学院大学🎓袴和服卒業卒業式happyやっとhappniesswow https//tco/sIB3mC25iF"}
{"tweet_id":841809370199539713,"created_unixtime":1489537968574,"created_time":"Wed Mar 15 00:32:48 +0000 2017","lang":"en","displayname":"kindgray","time_zone":"Central Time (US & Canada)","msg":"gwenstefani I am so happy you are back as a coach ❤you"}
{"tweet_id":841809370136567808,"created_unixtime":1489537968559,"created_time":"Wed Mar 15 00:32:48 +0000 2017","lang":"en","displayname":"francaselles","time_zone":"Tijuana","msg":"RT andibeth012 YUNA BRETT PRECIOUS PERFECT HAPPY BOYS BACK ON GDM 💉LIST 3/15 MFKRS 😈NYCACC DMPD BY 😡😡😡FKDUP😈 POS OWNR FKU AHOLE… "}
{"tweet_id":841809370514108425,"created_unixtime":1489537968649,"created_time":"Wed Mar 15 00:32:48 +0000 2017","lang":"en","displayname":"Brownbeauty524","time_zone":"","msg":"RT KarmenLoveee If We Date dont worry about me cheating Im with you for a reason I only want you And when Im not happy Ill let you…"}
{"tweet_id":841809370912555008,"created_unixtime":1489537968744,"created_time":"Wed Mar 15 00:32:48 +0000 2017","lang":"en","displayname":"annalisecandy","time_zone":"London","msg":"RT Stormzy1 Do what makes you happy mate"}
{"tweet_id":841809367934545920,"created_unixtime":1489537968034,"created_time":"Wed Mar 15 00:32:48 +0000 2017","lang":"en","displayname":"sukki1990","time_zone":"GMT+8","msg":"Bluebut i am happy when i saw this blue…… https//tco/6P1I30JMvs"}
{"tweet_id":841809371780730881,"created_unixtime":1489537968951,"created_time":"Wed Mar 15 00:32:48 +0000 2017","lang":"ja","displayname":"kahooo_315","time_zone":"Pacific Time (US & Canada)","msg":"RT hnk_ooa927 kahooo_315 Happy Birthday💗💗💗💗髪切ってかわいさに磨きをかけたというかほちゃん！会いたい〜〜🤤また電車とかで会ったら…´ ³`ﾉ ～♡"}
{"tweet_id":841809371671744513,"created_unixtime":1489537968925,"created_time":"Wed Mar 15 00:32:48 +0000 2017","lang":"en","displayname":"yekateriya","time_zone":"Pacific Time (US & Canada)","msg":"i also singlescouted a cute 3 tsumugi i dont usually care abt the 3 cards at all but cause it was tsumugi i was really happy 💖"}
{"tweet_id":841809371847901185,"created_unixtime":1489537968967,"created_time":"Wed Mar 15 00:32:48 +0000 2017","lang":"en","displayname":"_starduststyles","time_zone":"Pacific Time (US & Canada)","msg":"RT nakedmagic Im so happy these exists https//tco/6qnfsAlOfA"}
{"tweet_id":841809371973672960,"created_unixtime":1489537968997,"created_time":"Wed Mar 15 00:32:48 +0000 2017","lang":"en","displayname":"jasonzuketo","time_zone":"America/Los_Angeles","msg":"RT apartovi This is huge Legendary reidhoffman just did the NoroozChallenge LiveTogether with hadip and challenged other t… "}
{"tweet_id":841809372342845440,"created_unixtime":1489537969085,"created_time":"Wed Mar 15 00:32:49 +0000 2017","lang":"en","displayname":"lydiacassettari","time_zone":"","msg":"RT isssymortimer My friends are actually the best things in my life keep me so happy😆👸🏼👭👫👨‍👩‍👧‍👦👯❤️"}
{"tweet_id":841809371713667072,"created_unixtime":1489537968935,"created_time":"Wed Mar 15 00:32:48 +0000 2017","lang":"en","displayname":"JacksonBond_","time_zone":"International Date Line West","msg":"I wonder if anyones parents sung them happy birthday for them when they were born in the hospital because thats gonna be me"}
{"tweet_id":841809372401475585,"created_unixtime":1489537969099,"created_time":"Wed Mar 15 00:32:49 +0000 2017","lang":"en","displayname":"JessHullx","time_zone":"","msg":"RT jesshalliday1 Charleyhaigh JessHullx Caitlingodfreyx congrats for shutting someone down for calling out a lad u must be happy with…"}
{"tweet_id":841809371814330369,"created_unixtime":1489537968959,"created_time":"Wed Mar 15 00:32:48 +0000 2017","lang":"en","displayname":"buttaholic26","time_zone":"Pacific Time (US & Canada)","msg":"RT alisonlauren this is her story and its hard and its tragic but she survived it all and at the end she got her happy endi… "}
{"tweet_id":841809372879638528,"created_unixtime":1489537969213,"created_time":"Wed Mar 15 00:32:49 +0000 2017","lang":"en","displayname":"hoshikooks","time_zone":"Pacific Time (US & Canada)","msg":"yoongis smile in the new run bts ep made my heart weak he looked so happy my heart is filled with joy"}
{"tweet_id":841809372594487297,"created_unixtime":1489537969145,"created_time":"Wed Mar 15 00:32:49 +0000 2017","lang":"en","displayname":"ClassyDees","time_zone":"","msg":"Check out Herbal Essences Color Me Happy Cleansing Conditioner 169 Fluid Ounce HerbalEssences https//tco/VtY2KEF3jE via eBay"}
{"tweet_id":841809372850343936,"created_unixtime":1489537969206,"created_time":"Wed Mar 15 00:32:49 +0000 2017","lang":"en","displayname":"mikegoulian","time_zone":"Eastern Time (US & Canada)","msg":"Proud to be an Alpinist https//tco/i9fdgOw8qa"}
{"tweet_id":841809373018116097,"created_unixtime":1489537969246,"created_time":"Wed Mar 15 00:32:49 +0000 2017","lang":"en","displayname":"Its_really_she","time_zone":"Central Time (US & Canada)","msg":"deedydots thats sad bruh I cant stand ppl"}
{"tweet_id":841809373622022144,"created_unixtime":1489537969390,"created_time":"Wed Mar 15 00:32:49 +0000 2017","lang":"en","displayname":"ester020195","time_zone":"","msg":"RT JadinePublicist Happy 3rd Year Anniversary JaDines Stay Strong 2014 • 2015 • 2016 • 2017 Salamat Ive learned a lot 😘LetOurPu…"}
{"tweet_id":841809371990528000,"created_unixtime":1489537969001,"created_time":"Wed Mar 15 00:32:49 +0000 2017","lang":"en","displayname":"givenchy62","time_zone":"Amsterdam","msg":"hani_501 blancbelle thank you dear friend ❤️so cute❤️ happy day https//tco/9j1XhzIP6V"}
{"tweet_id":841809373588512768,"created_unixtime":1489537969382,"created_time":"Wed Mar 15 00:32:49 +0000 2017","lang":"en","displayname":"kylenoaksey1311","time_zone":"","msg":"RT PA7KY Happy to announce that as of the 27th March I will be managing the UK Partnership for Twitch  Looking forward sta… "}
{"tweet_id":841809373810761728,"created_unixtime":1489537969435,"created_time":"Wed Mar 15 00:32:49 +0000 2017","lang":"en","displayname":"berniiiiice","time_zone":"Pacific Time (US & Canada)","msg":"RT Panamaboi berniiiiice 🎉HAPPY BIRTHDAY 🎆🎆"}
{"tweet_id":841809373739515904,"created_unixtime":1489537969418,"created_time":"Wed Mar 15 00:32:49 +0000 2017","lang":"en","displayname":"jordyn_mora","time_zone":"","msg":"RT SoReIatable I hate that I cry out of frustration 95  of the time its not even cause Im sad its that Im so angry I cant control…"}
{"tweet_id":841809374788046848,"created_unixtime":1489537969668,"created_time":"Wed Mar 15 00:32:49 +0000 2017","lang":"en","displayname":"blessedIvann","time_zone":"","msg":"Got me wondering https//tco/BovPkylD35"}
{"tweet_id":841809374519668736,"created_unixtime":1489537969604,"created_time":"Wed Mar 15 00:32:49 +0000 2017","lang":"en","displayname":"custardhao","time_zone":"Pacific Time (US & Canada)","msg":"then I get really sad when I think of when I saw got7 I fucked up so much even if friendss r happy for me its so embarrassing I fucked"}
{"tweet_id":841809374867816449,"created_unixtime":1489537969687,"created_time":"Wed Mar 15 00:32:49 +0000 2017","lang":"en","displayname":"JenJablonski","time_zone":"Central Time (US & Canada)","msg":"The fact that my favourite instructor is pumped about me working at Childrens makes me so happy"}
{"tweet_id":841809375010406400,"created_unixtime":1489537969721,"created_time":"Wed Mar 15 00:32:49 +0000 2017","lang":"en","displayname":"propertyDT1","time_zone":"London","msg":"Update Happy memories of days ponytrekking by the sea in west Dorset https//tco/8pVh6Aagr3"}
{"tweet_id":841809375408799744,"created_unixtime":1489537969816,"created_time":"Wed Mar 15 00:32:49 +0000 2017","lang":"en","displayname":"__xoMiA","time_zone":"Eastern Time (US & Canada)","msg":"RT tammyrich_ The littlest shit makes me so happy I swear"}
{"tweet_id":841809375199125506,"created_unixtime":1489537969766,"created_time":"Wed Mar 15 00:32:49 +0000 2017","lang":"en","displayname":"Bergenslayer","time_zone":"","msg":"RT Joe_Gatto Happy birthday to the guy that puts the cool in Q  hope you had a great day my friend BQQuinn"}
{"tweet_id":841809373362040833,"created_unixtime":1489537969328,"created_time":"Wed Mar 15 00:32:49 +0000 2017","lang":"en","displayname":"Aker15Aker","time_zone":"Eastern Time (US & Canada)","msg":"Happy 17th Birthday braydon_aker5 We love you buddy https//tco/1guXa5i0Iq"}
{"tweet_id":841809375828164608,"created_unixtime":1489537969916,"created_time":"Wed Mar 15 00:32:49 +0000 2017","lang":"ja","displayname":"SSRockman003","time_zone":"","msg":"RT gs_magazine 【HAPPY BIRTHDAY】3月15日は、『ラブライブ！』園田海未ちゃんの誕生日 https//tco/k3ofCyTKcjlovelive https//tco/2fSyLrXbmK"}
{"tweet_id":841809375811391488,"created_unixtime":1489537969912,"created_time":"Wed Mar 15 00:32:49 +0000 2017","lang":"en","displayname":"adahhere_","time_zone":"Beijing","msg":"RT InternallyIost Please be careful with me Sometimes I just get sad and I dont know why Im sorry"}
{"tweet_id":841809375824117760,"created_unixtime":1489537969915,"created_time":"Wed Mar 15 00:32:49 +0000 2017","lang":"en","displayname":"kelseyalyssax3","time_zone":"Mountain Time (US & Canada)","msg":"RT tae15adams Sad to see the Hulk go but happy for u bro Lil_Eazy_Ana_42 Everybody sending hate his way it just shows u were never wit e…"}
{"tweet_id":841809375580835841,"created_unixtime":1489537969857,"created_time":"Wed Mar 15 00:32:49 +0000 2017","lang":"en","displayname":"HLGumbs","time_zone":"Eastern Time (US & Canada)","msg":"kimshum I am so sad Oh my god Much support for your future endeavors Youve got a fan"}
{"tweet_id":841809375379484672,"created_unixtime":1489537969809,"created_time":"Wed Mar 15 00:32:49 +0000 2017","lang":"en","displayname":"DRS12522","time_zone":"Central Time (US & Canada)","msg":"RT MELLOWCELLO1 Do you know WHY I look so happy  They play Mellows music for us  We LOVE IT  https//tco/NgtbxfSe6n http…"}
{"tweet_id":841809376188997632,"created_unixtime":1489537970002,"created_time":"Wed Mar 15 00:32:50 +0000 2017","lang":"en","displayname":"mrspthomas23","time_zone":"Pacific Time (US & Canada)","msg":"betsy_brandt Babygurlie73 EdwardsDesserts happy birthday Betsy Hope youre celebrating with some pie and wine 🍷 🎉 🎁 🎂"}
{"tweet_id":841809376507654144,"created_unixtime":1489537970078,"created_time":"Wed Mar 15 00:32:50 +0000 2017","lang":"ko","displayname":"ff14_alval","time_zone":"","msg":"RT FF14_TENSHIELD 파이널판타지14 패치 33 추가 지역소르 카이 Sohr Khai는 드래곤족 언어로so[h]r  apology / k[h]ai  sad 슬픈 사죄라는 뜻을 담고 있습니다소[호]르 크… "}
{"tweet_id":841809376386154497,"created_unixtime":1489537970049,"created_time":"Wed Mar 15 00:32:50 +0000 2017","lang":"en","displayname":"BlazePizza","time_zone":"Pacific Time (US & Canada)","msg":"Johnny_Tran Happy PiDay Thanks for stopping by 🍕 HowDoYouBlaze BlazePiDay"}
{"tweet_id":841809376654561281,"created_unixtime":1489537970113,"created_time":"Wed Mar 15 00:32:50 +0000 2017","lang":"en","displayname":"khedr_aya","time_zone":"Athens","msg":"RT Kanzy__ I swear Id give anything to feel happy again like I used to be four years ago"}
{"tweet_id":841809376490991617,"created_unixtime":1489537970074,"created_time":"Wed Mar 15 00:32:50 +0000 2017","lang":"en","displayname":"3jek","time_zone":"Eastern Time (US & Canada)","msg":"Too sad to retype Must quote tweet https//tco/8xGlpioNHb"}
{"tweet_id":841809376989999104,"created_unixtime":1489537970193,"created_time":"Wed Mar 15 00:32:50 +0000 2017","lang":"en","displayname":"cristiiiaannn01","time_zone":"","msg":"RT HornyFacts So annoying when ppl r like ur always laughing U laugh at everything Its not that funny like OK sorry Im a happy pe…"}
{"tweet_id":841809376730087425,"created_unixtime":1489537970131,"created_time":"Wed Mar 15 00:32:50 +0000 2017","lang":"en","displayname":"williamsandd","time_zone":"Eastern Time (US & Canada)","msg":"RT KarenScorpion So happy I got to see williamsandd last night boyyy work that body 😘😘"}
{"tweet_id":841809376813936640,"created_unixtime":1489537970151,"created_time":"Wed Mar 15 00:32:50 +0000 2017","lang":"en","displayname":"Lisa99402","time_zone":"Pacific Time (US & Canada)","msg":"Im put off so easily so sad"}
{"tweet_id":841809377648504832,"created_unixtime":1489537970350,"created_time":"Wed Mar 15 00:32:50 +0000 2017","lang":"en","displayname":"ecidhani","time_zone":"Hanoi","msg":"Youre my happy place so please just stay in my life"}
{"tweet_id":841809377593970689,"created_unixtime":1489537970337,"created_time":"Wed Mar 15 00:32:50 +0000 2017","lang":"en","displayname":"afiqah_azli","time_zone":"Beijing","msg":"RT dmtroll Without this guy we wont have little happy moments in the latest episodes of Defendant https//tco/Fkv4lRlNjQ"}
{"tweet_id":841809377396965376,"created_unixtime":1489537970290,"created_time":"Wed Mar 15 00:32:50 +0000 2017","lang":"en","displayname":"electricyoongi","time_zone":"Buenos Aires","msg":"RT yoongibts bts episode HAPPY WHITE DAY FROM BTS 1 yoongi 😭💖 https//tco/k4AL97UH8M"}
{"tweet_id":841809377799602176,"created_unixtime":1489537970386,"created_time":"Wed Mar 15 00:32:50 +0000 2017","lang":"en","displayname":"mewithyourchest","time_zone":"Casablanca","msg":"RT nku1uleko the get down part 2is coming back in april and thats made me happy"}
{"tweet_id":841809377929646080,"created_unixtime":1489537970417,"created_time":"Wed Mar 15 00:32:50 +0000 2017","lang":"en","displayname":"_jaymake","time_zone":"Central Time (US & Canada)","msg":"RT ThinkPositive66 This is your yearKeep your mind happyKeep your dreams aliveKeep the faithKeep believing in your abilitiesKee…"}
{"tweet_id":841809375316582401,"created_unixtime":1489537969794,"created_time":"Wed Mar 15 00:32:49 +0000 2017","lang":"en","displayname":"BrazzielChloe","time_zone":"","msg":"happy 20 scummy 🎉🎂 https//tco/lgso26lLyb"}
{"tweet_id":841809377774432258,"created_unixtime":1489537970380,"created_time":"Wed Mar 15 00:32:50 +0000 2017","lang":"tl","displayname":"junoviedj","time_zone":"","msg":"RT KITKATtherine Kapag malungkot o pagod MW ang happy pill ko MBMayWard https//tco/kdTNT3wQMq"}
{"tweet_id":841809378042867712,"created_unixtime":1489537970444,"created_time":"Wed Mar 15 00:32:50 +0000 2017","lang":"en","displayname":"alexusmaj","time_zone":"","msg":"brook07_lewis happy birthday Brooklyn hope youre having a kick ass day💗💗"}
{"tweet_id":841809378281844737,"created_unixtime":1489537970501,"created_time":"Wed Mar 15 00:32:50 +0000 2017","lang":"en","displayname":"valeriejoeelng","time_zone":"Pacific Time (US & Canada)","msg":"micky_nguyen Im sad now"}
{"tweet_id":841809378252537856,"created_unixtime":1489537970494,"created_time":"Wed Mar 15 00:32:50 +0000 2017","lang":"en","displayname":"draksbond","time_zone":"","msg":"RT abhijeetsinger Hearing that ChandaChor ArvindKejriwal replacing PAPPU Sisodia joining SP Kumar Vishwas BSP UPElection2017 htt…"}
{"tweet_id":841809378449608704,"created_unixtime":1489537970541,"created_time":"Wed Mar 15 00:32:50 +0000 2017","lang":"en","displayname":"ChefBeckettAZ","time_zone":"Arizona","msg":"The happiest birthday wishes to the sweetest most bestest woman wife and mommy Happy birthday… https//tco/MTrrpAb0OT"}
{"tweet_id":841809378579693568,"created_unixtime":1489537970572,"created_time":"Wed Mar 15 00:32:50 +0000 2017","lang":"tl","displayname":"NoemiAv06047744","time_zone":"","msg":"RT MCasalan Pinatawag pala cyaMarydaleEntrat5 many more blessings to come baby girlSuper happy talaga kami para sainyo ni ed… "}
{"tweet_id":841809378609094656,"created_unixtime":1489537970579,"created_time":"Wed Mar 15 00:32:50 +0000 2017","lang":"en","displayname":"bIueguitar","time_zone":"Brasilia","msg":"SherriSaum1 a thing about Stef that you love with all your heart thefosterschat THANK U FOR SAYING HI TO MY GIRL SHES SO HAPPY YAY"}
{"tweet_id":841809378915176448,"created_unixtime":1489537970652,"created_time":"Wed Mar 15 00:32:50 +0000 2017","lang":"en","displayname":"jaesungkhun","time_zone":"Kuala Lumpur","msg":"RT dmtroll Without this guy we wont have little happy moments in the latest episodes of Defendant https//tco/Fkv4lRlNjQ"}
{"tweet_id":841809378911109121,"created_unixtime":1489537970651,"created_time":"Wed Mar 15 00:32:50 +0000 2017","lang":"en","displayname":"Mase_Windu_","time_zone":"Central Time (US & Canada)","msg":"I happy birthday my guy DJ_D_RAC the bushes seem very comfortable to sleep in lolol"}
{"tweet_id":841809379049390081,"created_unixtime":1489537970684,"created_time":"Wed Mar 15 00:32:50 +0000 2017","lang":"en","displayname":"bless_ann2003","time_zone":"","msg":"RT MayWardDVO_Thai Trust yourself Create the kind of self that you will be happy to live with all your lifeMBMayWard"}
{"tweet_id":841809379519152128,"created_unixtime":1489537970796,"created_time":"Wed Mar 15 00:32:50 +0000 2017","lang":"en","displayname":"satdsf","time_zone":"Sydney","msg":"therealec3 how sad will you be when your cult leaders tax releases are finally shown"}
{"tweet_id":841809379380867072,"created_unixtime":1489537970763,"created_time":"Wed Mar 15 00:32:50 +0000 2017","lang":"en","displayname":"rubenn007_","time_zone":"","msg":"RT tyler_labedz Dont forget the happy thoughts"}
{"tweet_id":841809379414364160,"created_unixtime":1489537970771,"created_time":"Wed Mar 15 00:32:50 +0000 2017","lang":"und","displayname":"quintosamanthaa","time_zone":"Pacific Time (US & Canada)","msg":"me https//tco/dHi7tRA4WB"}
{"tweet_id":841809379556913152,"created_unixtime":1489537970805,"created_time":"Wed Mar 15 00:32:50 +0000 2017","lang":"en","displayname":"debbie_palacios","time_zone":"","msg":"omfg https//tco/QbRha2a5Vm"}
{"tweet_id":841809379007594498,"created_unixtime":1489537970674,"created_time":"Wed Mar 15 00:32:50 +0000 2017","lang":"en","displayname":"punkaddixon","time_zone":"Eastern Time (US & Canada)","msg":"RT PunksPepsi BRUH WE DEADASS WERE SO FUCKING UPSET https//tco/slZfl1JswU"}
{"tweet_id":841809379003387906,"created_unixtime":1489537970673,"created_time":"Wed Mar 15 00:32:50 +0000 2017","lang":"en","displayname":"tdeadass","time_zone":"Quito","msg":"RT Kia4Realz Im legit happy for Cardi Bs success BXfinest"}
{"tweet_id":841809380400082946,"created_unixtime":1489537971006,"created_time":"Wed Mar 15 00:32:51 +0000 2017","lang":"es","displayname":"Ariana_Bittel","time_zone":"Brasilia","msg":"RT EstadisticasNBA Hoy cumple 29 años un jugador único campeón de la NBA y 2 veces MVP Tirador nato Happy Birthday Curry https//t…"}
{"tweet_id":841809380609818624,"created_unixtime":1489537971056,"created_time":"Wed Mar 15 00:32:51 +0000 2017","lang":"en","displayname":"insanharpreet02","time_zone":"","msg":"RT Gurmeetramrahim MSGwishesToArmedForces Jai Hind amp Happy Holi to the courageous Armed Forces who valiantly defend the honor of our… "}
{"tweet_id":841809380328710144,"created_unixtime":1489537970989,"created_time":"Wed Mar 15 00:32:50 +0000 2017","lang":"en","displayname":"therealcarlarae","time_zone":"Arizona","msg":"RT BrianDEvans Happy Birthday AlbertEinstein positive thoughts https//tco/n2PsJky5Wj https//tco/PoNkU6LL4o"}
{"tweet_id":841809380546904065,"created_unixtime":1489537971041,"created_time":"Wed Mar 15 00:32:51 +0000 2017","lang":"en","displayname":"Umjongtae","time_zone":"","msg":"RT beytrash its sad that were driven to this point because Beyoncé doesnt talk to us https//tco/Q2loQ1qYru"}
{"tweet_id":841809380874035204,"created_unixtime":1489537971119,"created_time":"Wed Mar 15 00:32:51 +0000 2017","lang":"en","displayname":"VyronykaVyxyn","time_zone":"Eastern Time (US & Canada)","msg":"RT seincast Happy PiDay seinfeld https//tco/Ub0wDjXrVw"}
{"tweet_id":841809380790149121,"created_unixtime":1489537971099,"created_time":"Wed Mar 15 00:32:51 +0000 2017","lang":"en","displayname":"PrincessAjaa_","time_zone":"","msg":"RT D_Deji28 Do you guys know why he was killed A girl lied that he raped her and her brother shot him dead https//tco/IWDVDZp3rz"}
{"tweet_id":841809381117194240,"created_unixtime":1489537971177,"created_time":"Wed Mar 15 00:32:51 +0000 2017","lang":"tl","displayname":"IEmGAB_","time_zone":"","msg":"Sobrang happy ako for our bebes Ang sarap panoorin ng Magandang Buhay na sila lang no Ang fresh HahahahaMBMayWard"}
{"tweet_id":841809379569590273,"created_unixtime":1489537970808,"created_time":"Wed Mar 15 00:32:50 +0000 2017","lang":"en","displayname":"juliamariericci","time_zone":"","msg":"happy birthday gronk sad no one ever wished you a happy birthday but youre the reason i started watching footb… https//tco/SDZoyeF56H"}
{"tweet_id":841809377694760961,"created_unixtime":1489537970361,"created_time":"Wed Mar 15 00:32:50 +0000 2017","lang":"en","displayname":"rad_tay123","time_zone":"","msg":"Happy birthday bby girl love you kxtemiles https//tco/fpnZ8FFDIE"}
{"tweet_id":841809380513308672,"created_unixtime":1489537971033,"created_time":"Wed Mar 15 00:32:51 +0000 2017","lang":"en","displayname":"jacobmeyers314","time_zone":"Pacific Time (US & Canada)","msg":"Thanks so much man https//tco/fyhWzQOAEo"}
{"tweet_id":841809381935071232,"created_unixtime":1489537971372,"created_time":"Wed Mar 15 00:32:51 +0000 2017","lang":"en","displayname":"iisspesial","time_zone":"Pacific Time (US & Canada)","msg":"u dont have to say tht u miss me at all i just wanted to let u know tht i do miss u n it sucks to see u happy n im not the reason why "}
{"tweet_id":841809380479774722,"created_unixtime":1489537971025,"created_time":"Wed Mar 15 00:32:51 +0000 2017","lang":"en","displayname":"rafa_santana","time_zone":"Brasilia","msg":"Rucean Its kind of sad Ive seen people not buying FC amp SC on a PSN sale only because the 3rd would never be released in english for PSP"}
{"tweet_id":841809381905842176,"created_unixtime":1489537971365,"created_time":"Wed Mar 15 00:32:51 +0000 2017","lang":"en","displayname":"aft_on","time_zone":"","msg":"RT fakeglittergirl a couple of blurry shots from where my lil bro amp i spontaneously performed ppap for my fam this morning looking at… "}
{"tweet_id":841809382526574592,"created_unixtime":1489537971513,"created_time":"Wed Mar 15 00:32:51 +0000 2017","lang":"en","displayname":"Alvina_LewisR","time_zone":"Casablanca","msg":"RT tineekamonet i never get happy when something is going well lol cause 999/10 something is gonna come and fuck it alllll up"}
{"tweet_id":841809383256391680,"created_unixtime":1489537971687,"created_time":"Wed Mar 15 00:32:51 +0000 2017","lang":"en","displayname":"hideoushooligan","time_zone":"Pacific Time (US & Canada)","msg":"slightbeats happy birthday nigga keep grindin my dude👨🏼‍🎤"}
{"tweet_id":841809383562588160,"created_unixtime":1489537971760,"created_time":"Wed Mar 15 00:32:51 +0000 2017","lang":"en","displayname":"Brookelyn0316","time_zone":"","msg":"Happy Birthday❤️️ madymcdonald99"}
{"tweet_id":841809383956836352,"created_unixtime":1489537971854,"created_time":"Wed Mar 15 00:32:51 +0000 2017","lang":"en","displayname":"_MissNaturall","time_zone":"Eastern Time (US & Canada)","msg":"RT miraclesuggs if I tweet some sad shit  dont assume its about a nigga lol I bitch about everything 😂"}
{"tweet_id":841809383273189376,"created_unixtime":1489537971691,"created_time":"Wed Mar 15 00:32:51 +0000 2017","lang":"en","displayname":"Mimiiiiiii123","time_zone":"","msg":"RT PAINTED_shay Mimiiiiiii123 Happy Birthday MiMi😘😘"}
{"tweet_id":841809383721967616,"created_unixtime":1489537971798,"created_time":"Wed Mar 15 00:32:51 +0000 2017","lang":"und","displayname":"willie1000000","time_zone":"Quito","msg":"AlliedUniversal workflow fordexplorer selfies tflers happy video hot cool friends… https//tco/wfcqym5EJ9"}
{"tweet_id":841809384330125313,"created_unixtime":1489537971943,"created_time":"Wed Mar 15 00:32:51 +0000 2017","lang":"en","displayname":"prncemin","time_zone":"London","msg":"sunkissedkookie he is and hes like that because of you your love for him makes him so happy"}
{"tweet_id":841809384908951552,"created_unixtime":1489537972081,"created_time":"Wed Mar 15 00:32:52 +0000 2017","lang":"en","displayname":"H_Niicole_","time_zone":"Central Time (US & Canada)","msg":"RT soIute sometimes the best way to be happy is to learn to let go of things you tried hard to hold on to that are no longer good for you"}
{"tweet_id":841809384892190725,"created_unixtime":1489537972077,"created_time":"Wed Mar 15 00:32:52 +0000 2017","lang":"en","displayname":"lexi_pascoe","time_zone":"","msg":"RT SoReIatable I hate that I cry out of frustration 95  of the time its not even cause Im sad its that Im so angry I cant control…"}
{"tweet_id":841809385605152768,"created_unixtime":1489537972247,"created_time":"Wed Mar 15 00:32:52 +0000 2017","lang":"es","displayname":"Ay_Fantasma","time_zone":"Mexico City","msg":"Cosas pendejas las cuentas de cosas sad cosas nacas cosas chidas etc etc etc"}
{"tweet_id":841809385433255940,"created_unixtime":1489537972206,"created_time":"Wed Mar 15 00:32:52 +0000 2017","lang":"en","displayname":"maddawgswag","time_zone":"Central Time (US & Canada)","msg":"briannajechorek love u ps its okay to be sad sometimes 💕"}
{"tweet_id":841809386481811456,"created_unixtime":1489537972456,"created_time":"Wed Mar 15 00:32:52 +0000 2017","lang":"en","displayname":"KamDobson23","time_zone":"Atlantic Time (Canada)","msg":"RT aaronjamihr KamDobson23 happy birthday Bruh 💪🏾"}
{"tweet_id":841809386574090240,"created_unixtime":1489537972478,"created_time":"Wed Mar 15 00:32:52 +0000 2017","lang":"en","displayname":"rauhlscxmi","time_zone":"","msg":"RT JustAGirIThing Someone When was the last time u were truly happy Me https//tco/YTSjNOreRU"}
{"tweet_id":841809386842513409,"created_unixtime":1489537972542,"created_time":"Wed Mar 15 00:32:52 +0000 2017","lang":"en","displayname":"98_fujoshi","time_zone":"","msg":"RT BaoziHana ユーリプリセツキー生誕祭2017yurionice yuriplisetsky otabek 😂 So worried if were not suitableHappy birthday to Yurio 😘 https//t…"}
{"tweet_id":841809386871885824,"created_unixtime":1489537972549,"created_time":"Wed Mar 15 00:32:52 +0000 2017","lang":"en","displayname":"drivysb","time_zone":"Greenland","msg":"Also me https//tco/eiSi5RFACl"}
{"tweet_id":841809387756777472,"created_unixtime":1489537972760,"created_time":"Wed Mar 15 00:32:52 +0000 2017","lang":"en","displayname":"MapuanRj","time_zone":"","msg":"yowethan Happy Birthday 😊😚🤗"}
{"tweet_id":841809387505238017,"created_unixtime":1489537972700,"created_time":"Wed Mar 15 00:32:52 +0000 2017","lang":"en","displayname":"NicoleN09931267","time_zone":"","msg":"Hayyyy find new girl and be happy  https//tco/wTgwtisiis https//tco/u5h8KO6qmP"}
{"tweet_id":841809388243439617,"created_unixtime":1489537972876,"created_time":"Wed Mar 15 00:32:52 +0000 2017","lang":"en","displayname":"__marleelorian","time_zone":"","msg":"RT DillMaddie i just want to be happy"}
{"tweet_id":841809388218257411,"created_unixtime":1489537972870,"created_time":"Wed Mar 15 00:32:52 +0000 2017","lang":"en","displayname":"LoveBrea_","time_zone":"Central Time (US & Canada)","msg":"Happy I have some professors that care about really making sure we learn the material "}
{"tweet_id":841809388700590081,"created_unixtime":1489537972985,"created_time":"Wed Mar 15 00:32:52 +0000 2017","lang":"en","displayname":"Viiper_47","time_zone":"","msg":"Im all for positivity and shit but happy music be too corny for me most of the time"}
{"tweet_id":841809388562206721,"created_unixtime":1489537972952,"created_time":"Wed Mar 15 00:32:52 +0000 2017","lang":"en","displayname":"Ambie_xx3","time_zone":"Eastern Time (US & Canada)","msg":"Cant wait until Im happy 😊"}
{"tweet_id":841809388360892416,"created_unixtime":1489537972904,"created_time":"Wed Mar 15 00:32:52 +0000 2017","lang":"en","displayname":"ryujinzanba","time_zone":"Pacific Time (US & Canada)","msg":"im watching anatasia im so sad i cant watch it on broadway its my 2nd fav princess movie 😢"}
{"tweet_id":841809388214050817,"created_unixtime":1489537972869,"created_time":"Wed Mar 15 00:32:52 +0000 2017","lang":"en","displayname":"picklejellybean","time_zone":"","msg":"RT FEATYONGGUK himchan always takes care of the members and makes sure that theyre happy and loved baps actual sunshine https//tco/b…"}
{"tweet_id":841809388578963457,"created_unixtime":1489537972956,"created_time":"Wed Mar 15 00:32:52 +0000 2017","lang":"en","displayname":"AnnHeckt","time_zone":"","msg":"RT cambogle Shout out to the people who are constantly making sure everyone else is happy… make sure you’re not forgetting about your own…"}
{"tweet_id":841809389023559681,"created_unixtime":1489537973062,"created_time":"Wed Mar 15 00:32:53 +0000 2017","lang":"en","displayname":"nishiplier","time_zone":"Pacific Time (US & Canada)","msg":"RT byukkai thankyoudan for making me happy w/ ur comedy and singing and being a positive person over all Happy 38th birthda… "}
{"tweet_id":841809390197923840,"created_unixtime":1489537973342,"created_time":"Wed Mar 15 00:32:53 +0000 2017","lang":"en","displayname":"Hendri1987H","time_zone":"Novosibirsk","msg":"Someone who love you will always know the way to make you happy "}
{"tweet_id":841809390428553216,"created_unixtime":1489537973397,"created_time":"Wed Mar 15 00:32:53 +0000 2017","lang":"ko","displayname":"mimbora","time_zone":"","msg":"RT TheoryOfSHOWNU 170114 골든 디스크Happy White Day❣️❣️❣️📕SHOWNU 셔누📗MONSTA_X 몬스타엑스 📘OfficialMonstaX https//tco/HcmXhum2jj"}
{"tweet_id":841809390382518272,"created_unixtime":1489537973386,"created_time":"Wed Mar 15 00:32:53 +0000 2017","lang":"en","displayname":"SweetSoySauce19","time_zone":"Pacific Time (US & Canada)","msg":"RT FreddyAmazin Someone When was the last time u were truly happyMe https//tco/0lG917uPtK"}
{"tweet_id":841809389552058369,"created_unixtime":1489537973188,"created_time":"Wed Mar 15 00:32:53 +0000 2017","lang":"en","displayname":"ImGonnaDJ24","time_zone":"Eastern Time (US & Canada)","msg":"RT Words_W_Nerds Happy PiDay SpiderMan3 https//tco/BQhwhvrzeR"}
{"tweet_id":841809390529273857,"created_unixtime":1489537973421,"created_time":"Wed Mar 15 00:32:53 +0000 2017","lang":"en","displayname":"LamonJames9","time_zone":"Pacific Time (US & Canada)","msg":"Tonight Ive written my best lyrics since like 2012 and that makes me extremely happy"}
{"tweet_id":841809390625796101,"created_unixtime":1489537973444,"created_time":"Wed Mar 15 00:32:53 +0000 2017","lang":"en","displayname":"ItsJarraaa_","time_zone":"Mountain Time (US & Canada)","msg":"RT ThinkPositive66 This is your yearKeep your mind happyKeep your dreams aliveKeep the faithKeep believing in your abilitiesKee…"}
{"tweet_id":841809391150014464,"created_unixtime":1489537973569,"created_time":"Wed Mar 15 00:32:53 +0000 2017","lang":"en","displayname":"Yellow_Corona","time_zone":"Pacific Time (US & Canada)","msg":"IPPOTSK which sad boy/girl"}
{"tweet_id":841809391087173632,"created_unixtime":1489537973554,"created_time":"Wed Mar 15 00:32:53 +0000 2017","lang":"en","displayname":"MckeyCalea","time_zone":"","msg":"happy birthday jacobeyleeXD 😊❤️"}
{"tweet_id":841809391397425153,"created_unixtime":1489537973628,"created_time":"Wed Mar 15 00:32:53 +0000 2017","lang":"en","displayname":"Tyreek__","time_zone":"Eastern Time (US & Canada)","msg":"dreww9st happy birthday big bro"}
{"tweet_id":841809391364014080,"created_unixtime":1489537973620,"created_time":"Wed Mar 15 00:32:53 +0000 2017","lang":"en","displayname":"a_svski","time_zone":"","msg":"RT neiltyson 314  Happy Piday to Gregorian calendar users who reckon dates with month followed by day separated by period omitting year"}
{"tweet_id":841809391997206528,"created_unixtime":1489537973771,"created_time":"Wed Mar 15 00:32:53 +0000 2017","lang":"en","displayname":"ayyngieDoll","time_zone":"","msg":"RT SilkBackwood If you arent happy in ya relationship LEAVE"}
{"tweet_id":841809392219635713,"created_unixtime":1489537973824,"created_time":"Wed Mar 15 00:32:53 +0000 2017","lang":"en","displayname":"tayjmonna","time_zone":"","msg":"RT SherriSaum1 happy prebirthday lovecake thefosterschat https//tco/2EhzCR3BDg"}
{"tweet_id":841809392412573696,"created_unixtime":1489537973870,"created_time":"Wed Mar 15 00:32:53 +0000 2017","lang":"en","displayname":"dunbarxxx","time_zone":"","msg":"forgot how great being up in aberlour was😍😍 inverness trip yesterday and an aviemore trip today😍 so glad dad is happy here💙"}
{"tweet_id":841809392429355008,"created_unixtime":1489537973874,"created_time":"Wed Mar 15 00:32:53 +0000 2017","lang":"pt","displayname":"mundobbb","time_zone":"Brasilia","msg":"lainebatista O Happy hour Acho que nem vai ter"}
{"tweet_id":841809392710242304,"created_unixtime":1489537973941,"created_time":"Wed Mar 15 00:32:53 +0000 2017","lang":"ja","displayname":"9_sakurai","time_zone":"","msg":"RT anilove_you ♡Happy うみちゃん Birthday♡今日はしっかり者の海未ちゃんの誕生日！！皆でお祝いしましょー！！うっみうみうー〃gtωlt★園田海未生誕祭2017 3月15日は園田海未の誕生日  祝う人RT… "}
{"tweet_id":841809392886530050,"created_unixtime":1489537973983,"created_time":"Wed Mar 15 00:32:53 +0000 2017","lang":"en","displayname":"madisonlunger","time_zone":"Central Time (US & Canada)","msg":"happy birthday pretty 💛💛tessalaurena"}
{"tweet_id":841809393335259136,"created_unixtime":1489537974090,"created_time":"Wed Mar 15 00:32:54 +0000 2017","lang":"en","displayname":"Rob_Motto","time_zone":"","msg":"RT Illeanarama Happy Birthday to Michael Caine Here he is in one of my favorites Dressed to Kill https//tco/bpDoX50fv4"}
{"tweet_id":841809393213665280,"created_unixtime":1489537974061,"created_time":"Wed Mar 15 00:32:54 +0000 2017","lang":"und","displayname":"TonyButler22","time_zone":"London","msg":"RT Nelle_Macbeth 😍 https//tco/ufdJDt6hIJ"}
{"tweet_id":841809393243049984,"created_unixtime":1489537974068,"created_time":"Wed Mar 15 00:32:54 +0000 2017","lang":"en","displayname":"natou_xo","time_zone":"","msg":"RT D_Deji28 Do you guys know why he was killed A girl lied that he raped her and her brother shot him dead https//tco/IWDVDZp3rz"}
{"tweet_id":841809393997889536,"created_unixtime":1489537974248,"created_time":"Wed Mar 15 00:32:54 +0000 2017","lang":"in","displayname":"FaaArfn","time_zone":"","msg":"RT Uselessxhope_ Lepasan spm lepas ni jangan dok happy sangat Lepas ni kau akan merasa tak tidur sampai pagi tiap2 hari ngadap assignmen…"}
{"tweet_id":841809394434166784,"created_unixtime":1489537974352,"created_time":"Wed Mar 15 00:32:54 +0000 2017","lang":"en","displayname":"gowithDIDZKIE","time_zone":"Alaska","msg":"Ate eugeneedelro happy birthday 🎈🎉 Have a good one Stay pretty as always😘"}
{"tweet_id":841809394287427585,"created_unixtime":1489537974317,"created_time":"Wed Mar 15 00:32:54 +0000 2017","lang":"en","displayname":"itskayyyyyy_","time_zone":"","msg":"RT tammyrich_ The littlest shit makes me so happy I swear"}
{"tweet_id":841809394861920256,"created_unixtime":1489537974454,"created_time":"Wed Mar 15 00:32:54 +0000 2017","lang":"en","displayname":"btssvtinspired","time_zone":"Hong Kong","msg":"RT theseoulstory Happy Birthday to ASTRO JinJin Have a great celebration amp we wish you many more happy days 🎂🎉 HappyJinJinDay… "}
{"tweet_id":841809395159859200,"created_unixtime":1489537974525,"created_time":"Wed Mar 15 00:32:54 +0000 2017","lang":"en","displayname":"lil_toenail","time_zone":"","msg":"RT caseyjadee_ have you ever been so happy you feel like youre floating on clouds and no one can influence your mood because same"}
{"tweet_id":841809395164037120,"created_unixtime":1489537974526,"created_time":"Wed Mar 15 00:32:54 +0000 2017","lang":"en","displayname":"bIueguitar","time_zone":"Brasilia","msg":"SherriSaum1 a thing about Stef that you love with all your heart thefosterschat THANK U FOR SAYING HI TO MY GIRL SHES SO HAPPY lt3 YAY"}
{"tweet_id":841809395008864256,"created_unixtime":1489537974489,"created_time":"Wed Mar 15 00:32:54 +0000 2017","lang":"en","displayname":"alanna_pastoor","time_zone":"","msg":"RT lil_guero23 i cant say this yet i need to go harder https//tco/me2E5uDJDE"}
{"tweet_id":841809395365380099,"created_unixtime":1489537974574,"created_time":"Wed Mar 15 00:32:54 +0000 2017","lang":"en","displayname":"chaelynn_s","time_zone":"","msg":"Sometimes I wish I wasnt the sad girl that laughs a lot"}
{"tweet_id":841809395185004544,"created_unixtime":1489537974531,"created_time":"Wed Mar 15 00:32:54 +0000 2017","lang":"en","displayname":"KeiaraMarie16","time_zone":"","msg":"RT geraIdriggins or youre in a on and off relationship for a certain reason and you keep letting him come back and you wonder why youre…"}
{"tweet_id":841809394618753024,"created_unixtime":1489537974396,"created_time":"Wed Mar 15 00:32:54 +0000 2017","lang":"en","displayname":"kayawuah","time_zone":"Eastern Time (US & Canada)","msg":"RT NYCFC Happy PiDay NYCFC https//tco/bSUyCqeZ2q"}
{"tweet_id":841809395507953665,"created_unixtime":1489537974608,"created_time":"Wed Mar 15 00:32:54 +0000 2017","lang":"en","displayname":"JeffreyRhodan","time_zone":"","msg":"RT websteru Happy Pi Day https//tco/A1ekFj7V7f"}
{"tweet_id":841809395050770433,"created_unixtime":1489537974499,"created_time":"Wed Mar 15 00:32:54 +0000 2017","lang":"en","displayname":"_BillM","time_zone":"Eastern Time (US & Canada)","msg":"Sad reality for Steelers is that if they had the entire Patriots Defense Brady and Belichick would still own them"}
{"tweet_id":841809395558301696,"created_unixtime":1489537974620,"created_time":"Wed Mar 15 00:32:54 +0000 2017","lang":"ko","displayname":"b2g95_ff14","time_zone":"","msg":"RT FF14_TENSHIELD 파이널판타지14 패치 33 추가 지역소르 카이 Sohr Khai는 드래곤족 언어로so[h]r  apology / k[h]ai  sad 슬픈 사죄라는 뜻을 담고 있습니다소[호]르 크… "}
{"tweet_id":841809396086784002,"created_unixtime":1489537974746,"created_time":"Wed Mar 15 00:32:54 +0000 2017","lang":"en","displayname":"woahimagiraffe","time_zone":"Arizona","msg":"TheGerardSway happy birth"}
{"tweet_id":841809396434780160,"created_unixtime":1489537974829,"created_time":"Wed Mar 15 00:32:54 +0000 2017","lang":"en","displayname":"YungKebab","time_zone":"Pacific Time (US & Canada)","msg":"I make other people happy before myself and I need to change quick lmao"}
{"tweet_id":841809396296437760,"created_unixtime":1489537974796,"created_time":"Wed Mar 15 00:32:54 +0000 2017","lang":"en","displayname":"weeniemcasshole","time_zone":"","msg":"tillys added new dirtyheads music to their playlist and that makes me happy"}
{"tweet_id":841809396317474816,"created_unixtime":1489537974801,"created_time":"Wed Mar 15 00:32:54 +0000 2017","lang":"en","displayname":"AlexRae_33","time_zone":"","msg":"RT Jamesummerville It is particularly sad that in many respects equality is considered a dissenting viewpoint in Medina"}
{"tweet_id":841809395520528384,"created_unixtime":1489537974611,"created_time":"Wed Mar 15 00:32:54 +0000 2017","lang":"en","displayname":"PaulRJ99","time_zone":"","msg":"Akon QuincyDJones legends ❤ happy birthday ⭐️ https//tco/E0gUxcSRdA"}
{"tweet_id":841809396418113536,"created_unixtime":1489537974825,"created_time":"Wed Mar 15 00:32:54 +0000 2017","lang":"en","displayname":"_ROFILMS","time_zone":"Pacific Time (US & Canada)","msg":"RT moneykeyon Goodlooks https//tco/raUsmm1UQt"}
{"tweet_id":841809396543938560,"created_unixtime":1489537974855,"created_time":"Wed Mar 15 00:32:54 +0000 2017","lang":"en","displayname":"_uniKness","time_zone":"Eastern Time (US & Canada)","msg":"Happy birthday in Heaven Tonka  🖐🏾🙌🏾"}
{"tweet_id":841809396929839105,"created_unixtime":1489537974947,"created_time":"Wed Mar 15 00:32:54 +0000 2017","lang":"en","displayname":"laddiinsan439","time_zone":"Pacific Time (US & Canada)","msg":"RT Gurmeetramrahim MSGwishesToArmedForces Jai Hind amp Happy Holi to the courageous Armed Forces who valiantly defend the honor of http…"}
{"tweet_id":841809396703342592,"created_unixtime":1489537974893,"created_time":"Wed Mar 15 00:32:54 +0000 2017","lang":"en","displayname":"PeggyBrava","time_zone":"Eastern Time (US & Canada)","msg":"RT 2020fight maddow sad trombone https//tco/ftAANqOZol"}
{"tweet_id":841809396871106560,"created_unixtime":1489537974933,"created_time":"Wed Mar 15 00:32:54 +0000 2017","lang":"en","displayname":"OlanoMarylou","time_zone":"Pacific Time (US & Canada)","msg":"RT aim0519 Being happy comes from within😍 HappyWednesbaeEveryJuan🤗ilybibi mainedcm 💛ALDUBxDTBYTugOfHearts https//tco/aZIemeJayo"}
{"tweet_id":841809396921466880,"created_unixtime":1489537974945,"created_time":"Wed Mar 15 00:32:54 +0000 2017","lang":"en","displayname":"Bigjoeret55","time_zone":"","msg":"RT DoubleTVarsity Happy Birthday to the West Texas legend amp former TexasTechFB Head Coach Spike Dykes Our FearlessChampion… "}
{"tweet_id":841809397160509441,"created_unixtime":1489537975002,"created_time":"Wed Mar 15 00:32:55 +0000 2017","lang":"en","displayname":"XTylerToxicX","time_zone":"","msg":"HellcatPerez Ill be more than happy to do it lol"}
{"tweet_id":841809396904660992,"created_unixtime":1489537974941,"created_time":"Wed Mar 15 00:32:54 +0000 2017","lang":"en","displayname":"sabrwqs","time_zone":"Brasilia","msg":"RT offclASTRO_6 [PIC] 170315 Fantagio Official Fancafe Update Happy Birthday 아스트로 JinJjn 4HappyJinJinDay https//tco/GM8hLkYGbS"}
{"tweet_id":841809397571510272,"created_unixtime":1489537975100,"created_time":"Wed Mar 15 00:32:55 +0000 2017","lang":"en","displayname":"Healytshirt","time_zone":"Pacific Time (US & Canada)","msg":"When you find someone and theyre cute and the like the 1975 but theyre taken sad"}
{"tweet_id":841809396418068481,"created_unixtime":1489537974825,"created_time":"Wed Mar 15 00:32:54 +0000 2017","lang":"ja","displayname":"qv7fjzro","time_zone":"","msg":"おかゆん❤happy birthday😳💕いつもリプ送ると優しく返してくれて幸せですよん😘バイトやら色々大変かもしんないけど、おかゆんなりに頑張ってね😳💕無理したらだめよ？？今日１日いい日になります様にこれからもず… https//tco/yuj7BxFajt"}
{"tweet_id":841809397806428160,"created_unixtime":1489537975156,"created_time":"Wed Mar 15 00:32:55 +0000 2017","lang":"en","displayname":"claptonfcnews","time_zone":"London","msg":"RT JJairette That was a mission to travel Thanks to the fans who came down there Happy we could get the 3 points coyt wewinnsing2geva"}
{"tweet_id":841809398053904385,"created_unixtime":1489537975215,"created_time":"Wed Mar 15 00:32:55 +0000 2017","lang":"en","displayname":"vbbneighbor","time_zone":"","msg":"RT MariaADeVoe lori_mehlberg1 TeamSasha sashaalexander Sambuca_Suzie shilababy87 vbbneighbor rorolyn sasha_rizzles… "}
{"tweet_id":841809397567361027,"created_unixtime":1489537975099,"created_time":"Wed Mar 15 00:32:55 +0000 2017","lang":"es","displayname":"conciertosperu","time_zone":"Lima","msg":"Mira aquí los horarios del festival que tendrá a SublimeWithRome caribouband bombaestereo y más ↓ https//tco/IbHsgMytxP"}
{"tweet_id":841809398066495488,"created_unixtime":1489537975218,"created_time":"Wed Mar 15 00:32:55 +0000 2017","lang":"en","displayname":"JHWalz32","time_zone":"","msg":"Then show them or shut up No one cares Especially when its clear you wont reveal How do you fckng sleep S… https//tco/hlWe27QkPB"}
{"tweet_id":841809398536257536,"created_unixtime":1489537975330,"created_time":"Wed Mar 15 00:32:55 +0000 2017","lang":"en","displayname":"CUTEST_ANlMALS","time_zone":"Eastern Time (US & Canada)","msg":"RT CUTEST_ANlMALS this makes me so happy  https//tco/4ebwUxo9Hg"}
{"tweet_id":841809398766813185,"created_unixtime":1489537975385,"created_time":"Wed Mar 15 00:32:55 +0000 2017","lang":"en","displayname":"mpolikoff","time_zone":"Quito","msg":"I mean I’m happy to see the tax returns but name one thing they could say that would lead to a real consequence for him"}
{"tweet_id":841809397777063936,"created_unixtime":1489537975149,"created_time":"Wed Mar 15 00:32:55 +0000 2017","lang":"de","displayname":"TIC_ORT","time_zone":"Buenos Aires","msg":"Feliz cumple Albert Einstein  https//tco/PrrsQ2CSAu"}
{"tweet_id":841809398989123584,"created_unixtime":1489537975438,"created_time":"Wed Mar 15 00:32:55 +0000 2017","lang":"en","displayname":"pnsraa","time_zone":"Pacific Time (US & Canada)","msg":"RT LittleMix NoMoreSadSongs for REAL❌❤️ weve made a SpotifyUK playlist with some happy songs☺️ what should we add X the girl… "}
{"tweet_id":841809398754361344,"created_unixtime":1489537975382,"created_time":"Wed Mar 15 00:32:55 +0000 2017","lang":"en","displayname":"max_e18","time_zone":"Pacific Time (US & Canada)","msg":"_happydavis the face that Snapchat takes up more space than some of the greatest video games of all time is sad 😭"}
{"tweet_id":841809399358226432,"created_unixtime":1489537975526,"created_time":"Wed Mar 15 00:32:55 +0000 2017","lang":"en","displayname":"boostergolds","time_zone":"Midway Island","msg":"RT cliffordsshug If youre ever feeling sad just remember that this video exists https//tco/HjEMGrNXhB"}
{"tweet_id":841809399333179392,"created_unixtime":1489537975520,"created_time":"Wed Mar 15 00:32:55 +0000 2017","lang":"en","displayname":"TrueGamer1219","time_zone":"","msg":"RT GamerDoba TrueGamer1219 Hes silly and sad at the same time LOL Keep him in his private universe while we have some fun with his m…"}
{"tweet_id":841809398796324864,"created_unixtime":1489537975392,"created_time":"Wed Mar 15 00:32:55 +0000 2017","lang":"en","displayname":"Nickinanami","time_zone":"Quito","msg":"RT RelatableDR_en Chihiro Fujisaki and Chiaki Nanami share the same birthday and its today Happy birthday https//tco/Mk7y4aYT4O"}
{"tweet_id":841809398909526020,"created_unixtime":1489537975419,"created_time":"Wed Mar 15 00:32:55 +0000 2017","lang":"en","displayname":"Koriiiiii_","time_zone":"","msg":"THANK YOU MARISSA I LOVE YOU SO MUCH Well for sure watch titanic before the end of the school year😂💜 https//tco/TITa7dcRkF"}
{"tweet_id":841809398829879296,"created_unixtime":1489537975400,"created_time":"Wed Mar 15 00:32:55 +0000 2017","lang":"en","displayname":"Darren_Ormiston","time_zone":"","msg":"Oh happy days☺️☺️"}
{"tweet_id":841809399454810112,"created_unixtime":1489537975549,"created_time":"Wed Mar 15 00:32:55 +0000 2017","lang":"en","displayname":"JohnBeats29","time_zone":"","msg":"odamnwolf and happy birthday"}
{"tweet_id":841809399983280128,"created_unixtime":1489537975675,"created_time":"Wed Mar 15 00:32:55 +0000 2017","lang":"en","displayname":"g_kindhart","time_zone":"Central Time (US & Canada)","msg":"RT Sam_PTX_Love Avi_Kaplan Everything about your existence musical or not inspires me everyday Avriel You inspire me to dream amp be ha…"}
{"tweet_id":841809400180363264,"created_unixtime":1489537975722,"created_time":"Wed Mar 15 00:32:55 +0000 2017","lang":"en","displayname":"bayleygurl","time_zone":"Pacific Time (US & Canada)","msg":"Happy birthday Meghan Hope its a good one💖💖donntfLYNCH"}
{"tweet_id":841809399932944384,"created_unixtime":1489537975663,"created_time":"Wed Mar 15 00:32:55 +0000 2017","lang":"en","displayname":"happyfeetCara","time_zone":"Central Time (US & Canada)","msg":"meisyt_ Happy Birthday Meisy 🎈🎈🎉🎉🍾🍾"}
{"tweet_id":841809400692117504,"created_unixtime":1489537975844,"created_time":"Wed Mar 15 00:32:55 +0000 2017","lang":"en","displayname":"esamantha155","time_zone":"","msg":"RT Fanyxo_ Little things make me so happy"}
{"tweet_id":841809400213999617,"created_unixtime":1489537975730,"created_time":"Wed Mar 15 00:32:55 +0000 2017","lang":"en","displayname":"peterlevy","time_zone":"Bogota","msg":"RT LANDS_Ja Not sure what the British history books say but we were bound together by colonial violence https//tco/wmo2kkz1KD"}
{"tweet_id":841809400562040832,"created_unixtime":1489537975813,"created_time":"Wed Mar 15 00:32:55 +0000 2017","lang":"en","displayname":"BruceBulacan","time_zone":"","msg":"RT PainfulText saying im tired when youre actually sad"}
{"tweet_id":841809400704643072,"created_unixtime":1489537975847,"created_time":"Wed Mar 15 00:32:55 +0000 2017","lang":"en","displayname":"NannyandColeman","time_zone":"","msg":"RT iSelenaGornez It’s sad when you’ve already Iearned to be a part of someone’s Iife and then end up being strangers"}
{"tweet_id":841809400746659840,"created_unixtime":1489537975857,"created_time":"Wed Mar 15 00:32:55 +0000 2017","lang":"en","displayname":"CallumWHUFC_","time_zone":"London","msg":"Happy birthday mate LucoCarter love you fella🤙🏻❤️🎉"}
{"tweet_id":841809401342234626,"created_unixtime":1489537975999,"created_time":"Wed Mar 15 00:32:55 +0000 2017","lang":"en","displayname":"arianasluxiness","time_zone":"","msg":"RT arianasdawn Its my birthday and Id like to thank Ariana for giving me a purpose making me a better person and always making… "}
{"tweet_id":841809401073741824,"created_unixtime":1489537975935,"created_time":"Wed Mar 15 00:32:55 +0000 2017","lang":"ja","displayname":"K568488598","time_zone":"Pacific Time (US & Canada)","msg":"RT LOVE71323795 紺様･♥ﾟHappy Birthday ♬ °･♥当日大いに盛り上げるぞ～嫁だしなおさら祝うお狐様にも祝ってもらう！！こーん💕こーん💕巽紺生誕祭2017 3月15日は巽紺の誕生日 RTした人全員フォローする… "}
{"tweet_id":841809401723932672,"created_unixtime":1489537976090,"created_time":"Wed Mar 15 00:32:56 +0000 2017","lang":"en","displayname":"dolcevit_a","time_zone":"","msg":"RT bernabephoto Pitiful and sad https//tco/wIY5IFeBXf"}
{"tweet_id":841809401459630081,"created_unixtime":1489537976027,"created_time":"Wed Mar 15 00:32:56 +0000 2017","lang":"en","displayname":"Rojasalyssa679","time_zone":"","msg":"Happy birthday baby 😘😘 TrevorColden https//tco/sJ5bXeHeXM"}
{"tweet_id":841809402180984832,"created_unixtime":1489537976199,"created_time":"Wed Mar 15 00:32:56 +0000 2017","lang":"ja","displayname":"shior0003","time_zone":"","msg":"RT sazanami_Poke 明日高校の合格発表だけど落ちてたらその場でhappy☆pretty☆clover 熱唱してやるよｗｗｗｗｗｗｗ"}
{"tweet_id":841809402558533632,"created_unixtime":1489537976289,"created_time":"Wed Mar 15 00:32:56 +0000 2017","lang":"ja","displayname":"heavenly_yard","time_zone":"","msg":"RT Wonderzone1123 園田海未生誕祭2017  RTした人全員フォローする  ラブライブ Happy Birthday 海未ちゃん！！！なんと美しいのでしょう、、、｢｢才色兼備｣｣とはまさにこの事｡ https//tco/Z6VVhfQ…"}
